,AC,AL,AM,AP,BA,CE,DF,ES,GO,MA,MG,MS,MT,PA,PB,PE,PI,PR,RJ,RN,RO,RR,RS,SC,SE,SP,TO,Brasil
01/03/2020,46.4,41.1,43.2,44.0,39.8,43.0,40.9,43.4,39.4,41.2,41.6,40.9,41.3,41.1,39.5,42.2,38.9,41.7,48.2,41.0,43.5,41.0,42.4,42.4,38.4,41.6,38.3,42.0
02/03/2020,29.1,25.7,31.4,27.9,25.8,28.8,27.4,28.3,27.0,27.5,28.3,27.7,28.8,27.9,26.2,26.5,25.5,27.7,31.7,25.5,28.4,27.5,27.3,28.3,25.9,27.2,24.5,27.7
03/03/2020,31.8,27.6,32.3,30.7,27.8,30.6,28.1,28.4,28.1,30.8,28.8,29.0,30.1,30.2,28.1,28.0,28.0,29.1,30.5,27.6,33.6,28.8,28.5,29.9,27.9,28.8,26.5,29.0
04/03/2020,34.6,29.2,34.9,32.1,28.7,32.6,29.3,30.4,29.3,30.6,30.3,30.8,31.5,32.1,29.2,29.6,28.6,30.3,32.0,28.5,32.9,30.8,30.1,30.8,29.2,29.4,27.5,30.2
05/03/2020,34.7,28.7,35.2,31.4,28.3,31.7,29.6,30.5,29.5,30.6,29.9,30.4,31.3,31.7,28.9,28.7,28.0,30.4,31.2,28.1,32.3,30.7,29.6,30.7,28.8,28.7,26.9,29.7
06/03/2020,33.1,27.4,32.8,30.1,27.1,29.8,29.0,28.5,27.8,28.7,27.6,28.3,28.9,29.8,27.2,37.2,26.1,28.0,29.2,26.9,31.2,28.7,27.5,28.2,26.9,26.6,25.3,28.5
07/03/2020,36.4,30.5,35.0,32.9,30.7,33.1,31.8,33.6,30.5,31.2,32.1,32.0,31.6,35.7,29.5,31.9,29.0,32.4,32.6,29.5,34.1,32.4,32.9,32.6,29.2,31.3,29.5,31.8
08/03/2020,45.2,40.7,43.6,42.6,41.3,41.9,39.8,43.6,39.0,40.4,40.6,40.8,40.7,41.2,38.4,42.1,38.4,41.4,41.1,39.5,42.6,40.6,42.8,42.1,38.5,40.6,38.7,41.0
09/03/2020,32.9,27.0,34.0,30.6,28.3,31.1,28.9,28.9,28.5,31.7,28.6,29.8,30.9,34.0,28.8,27.6,27.8,29.6,30.4,27.9,31.0,29.8,28.9,31.6,28.5,28.4,26.5,29.2
10/03/2020,33.8,28.6,34.5,30.7,29.5,32.4,28.8,29.6,29.0,31.2,29.1,30.4,31.1,31.2,29.7,28.8,29.4,29.9,30.7,29.1,32.3,30.3,29.3,30.4,29.6,28.6,27.4,29.7
11/03/2020,32.5,27.5,33.0,29.4,27.8,31.0,27.7,28.3,27.7,29.4,27.6,28.9,30.0,30.9,28.4,28.1,28.2,28.3,29.3,27.9,30.6,29.3,27.8,28.9,28.1,27.4,25.7,28.3
12/03/2020,34.0,29.7,34.4,30.5,30.0,33.3,32.2,30.0,29.2,31.3,29.1,30.2,31.0,32.7,30.9,30.3,30.1,30.0,30.5,31.5,33.2,31.0,28.8,30.1,30.0,28.6,27.1,30.1
13/03/2020,35.8,29.5,34.4,31.2,29.5,33.6,31.9,29.7,29.1,32.2,29.0,30.5,31.3,31.5,30.3,29.8,30.3,29.8,30.7,31.3,32.2,30.8,29.5,30.3,29.3,29.0,27.3,30.1
14/03/2020,40.4,35.4,43.2,36.4,34.1,37.9,36.5,35.7,33.9,36.5,34.6,36.0,35.5,36.9,34.8,35.5,33.9,35.5,37.3,34.6,37.0,35.7,37.2,36.6,33.7,35.1,33.8,35.7
15/03/2020,47.0,42.8,45.2,46.5,41.2,44.6,42.6,43.3,40.1,42.1,41.0,42.0,42.3,44.8,40.5,44.8,40.0,42.4,43.8,41.1,44.7,41.8,45.2,43.5,39.5,42.0,40.0,42.6
16/03/2020,34.3,30.6,35.4,32.9,30.0,33.0,34.3,31.0,31.6,32.4,30.3,31.7,32.0,31.4,30.5,32.9,31.0,31.0,35.9,29.9,32.6,31.3,32.2,31.6,31.8,32.1,29.7,32.1
17/03/2020,34.3,30.6,36.8,34.2,31.1,34.0,34.3,32.2,32.0,32.7,30.8,31.9,31.5,31.4,30.6,33.4,32.2,30.8,37.3,29.8,34.1,33.8,32.1,32.6,37.6,32.9,30.1,32.8
18/03/2020,41.8,35.3,39.4,38.2,35.1,37.6,36.7,35.0,34.5,35.2,34.5,35.3,34.1,34.5,34.7,37.7,34.7,34.6,40.8,34.8,37.9,35.6,36.7,37.4,34.2,35.1,31.7,36.0
19/03/2020,43.5,35.2,43.9,46.7,37.6,47.8,39.9,37.6,37.8,36.9,36.8,37.8,35.6,37.9,36.9,39.6,36.7,37.4,43.1,36.1,38.7,36.2,39.8,51.2,36.3,38.1,40.4,39.3
20/03/2020,44.8,35.9,40.7,43.9,38.4,43.8,44.3,39.4,40.6,37.9,38.9,39.2,38.8,38.1,38.0,40.1,39.4,40.1,44.1,36.9,39.4,36.5,42.0,54.5,36.7,39.3,38.7,40.5
21/03/2020,53.9,49.7,48.8,56.5,48.4,55.8,56.7,53.0,51.2,45.6,50.9,50.5,46.8,47.9,47.3,51.2,49.2,53.0,56.8,46.1,51.5,44.4,56.8,65.9,46.1,51.6,47.7,52.1
22/03/2020,63.2,58.7,52.6,63.2,58.3,63.0,65.6,64.7,60.6,54.8,62.1,62.6,58.9,56.7,58.5,62.0,58.9,65.6,64.1,57.7,66.1,55.8,69.5,72.8,55.4,62.5,57.4,62.2
23/03/2020,54.1,52.1,54.3,54.2,50.4,55.9,55.9,52.1,50.3,48.3,50.1,51.6,50.1,47.7,52.7,54.1,53.2,52.7,53.4,49.4,51.2,47.1,57.4,64.4,50.2,50.8,45.4,52.4
24/03/2020,55.3,52.5,46.8,55.5,51.6,56.4,56.6,53.1,51.7,50.5,51.7,52.6,51.6,48.5,52.7,54.8,54.1,54.8,56.2,49.9,53.4,49.8,59.1,62.7,50.1,53.7,48.7,53.8
25/03/2020,54.3,51.8,53.7,54.0,51.9,59.5,57.1,52.0,52.3,51.6,51.4,52.5,50.9,48.8,53.2,54.5,54.9,54.3,55.5,50.5,53.4,51.1,58.0,60.8,50.3,53.3,47.1,53.8
26/03/2020,53.2,51.5,53.3,54.0,52.1,54.9,56.1,51.7,50.9,50.0,50.8,51.4,49.4,48.5,51.9,53.9,53.8,53.6,54.8,49.7,52.2,49.8,57.4,59.6,53.1,53.0,47.1,53.1
27/03/2020,50.8,51.7,51.6,52.3,49.8,54.3,53.4,49.3,49.4,49.0,49.2,50.1,47.6,47.1,50.8,52.6,52.7,52.1,53.0,48.0,49.7,47.7,55.4,58.0,47.7,51.4,45.1,51.4
28/03/2020,54.9,51.8,54.1,53.9,51.7,55.1,57.0,52.6,52.1,49.6,52.4,53.6,49.8,49.5,50.5,54.1,52.3,55.0,55.3,49.5,51.2,49.7,59.1,60.0,49.2,54.9,48.6,53.9
29/03/2020,58.7,60.2,59.4,58.7,57.3,59.3,59.9,58.7,55.4,54.0,58.0,59.0,54.9,55.0,55.9,60.3,56.1,62.7,60.4,56.6,58.2,54.3,64.8,64.8,59.4,62.1,52.7,59.9
30/03/2020,50.6,46.8,53.0,50.3,46.5,51.3,50.3,47.5,45.7,46.3,47.0,46.8,44.9,45.9,48.8,50.8,49.2,49.4,51.7,46.8,47.7,44.2,52.9,53.3,44.4,50.1,41.4,49.2
31/03/2020,48.2,46.3,51.2,49.3,46.1,51.2,50.1,47.4,45.4,46.2,46.5,45.7,44.4,45.2,46.8,50.1,48.1,48.6,51.0,45.4,46.1,44.0,51.9,52.4,44.1,49.3,48.7,48.5
01/04/2020,46.5,44.5,46.9,46.4,44.0,47.5,47.3,45.2,43.3,43.3,44.4,43.8,42.4,42.4,44.7,47.9,45.8,46.0,48.7,43.0,44.0,40.2,48.9,49.4,41.6,46.8,39.2,46.0
02/04/2020,49.4,47.3,49.9,49.0,46.5,50.3,49.8,46.8,45.5,45.6,46.5,45.6,43.9,44.6,46.9,50.3,48.2,48.7,50.9,45.9,46.3,43.2,52.2,51.6,44.8,49.4,40.7,48.5
03/04/2020,48.4,45.5,49.1,48.7,44.7,49.3,48.7,46.0,44.5,44.4,45.6,45.0,43.8,44.0,45.2,48.3,46.8,47.5,50.3,43.8,45.4,42.8,50.8,50.0,43.1,48.8,39.5,47.4
04/04/2020,51.1,47.1,52.9,49.9,47.2,51.6,51.0,49.6,46.7,46.5,48.5,47.9,45.7,46.9,46.9,50.5,48.1,50.7,52.5,46.2,47.5,46.3,54.3,53.8,45.2,51.4,42.6,50.1
05/04/2020,57.8,53.6,59.3,56.5,54.6,57.2,57.7,57.5,52.7,52.2,55.2,54.6,53.2,53.4,53.0,57.6,54.0,58.1,59.0,54.0,54.2,52.8,61.3,60.5,51.5,57.9,49.9,56.8
06/04/2020,46.9,45.6,52.2,47.8,47.3,49.0,48.9,44.9,43.7,44.9,44.5,42.7,43.2,44.1,46.0,49.2,46.9,47.3,49.8,44.6,45.1,42.7,50.5,48.8,44.4,48.2,38.9,47.4
07/04/2020,46.3,44.1,51.0,47.0,44.0,48.4,47.2,43.5,42.0,43.2,43.7,41.5,41.4,43.3,44.9,48.2,45.5,44.5,48.9,43.9,43.7,42.1,47.3,45.9,42.8,47.0,38.3,45.8
08/04/2020,46.0,41.8,53.0,47.3,41.6,47.0,46.4,43.4,41.1,43.3,43.1,40.5,43.7,43.4,43.2,46.0,43.1,43.9,50.0,41.5,43.8,41.3,46.2,44.5,41.0,46.1,37.9,45.0
09/04/2020,46.3,42.0,51.8,46.1,41.5,47.3,44.7,43.4,41.1,42.6,42.5,40.4,40.4,43.4,43.1,45.9,44.5,43.1,47.8,41.3,44.1,41.9,45.7,43.7,40.8,45.1,37.7,44.3
10/04/2020,54.0,47.9,58.6,56.8,50.6,54.5,54.8,52.9,50.4,53.0,54.9,51.2,51.0,54.8,51.2,53.6,55.4,56.6,55.0,50.7,52.0,49.1,58.6,56.7,48.3,55.0,49.2,54.1
11/04/2020,48.6,45.4,56.3,48.3,46.4,50.0,47.6,46.0,44.2,45.0,45.9,44.2,43.1,46.4,43.7,49.5,46.4,46.8,51.8,43.6,47.1,45.6,50.5,48.4,42.0,49.4,41.4,48.0
12/04/2020,55.6,51.0,58.9,56.2,53.1,55.7,53.7,54.9,49.6,51.6,51.9,50.7,49.9,53.1,50.1,55.8,51.8,53.4,56.4,51.3,53.0,51.6,56.0,55.7,48.5,55.0,47.4,54.0
13/04/2020,46.6,43.2,53.2,48.4,45.7,48.8,46.9,44.0,42.0,44.8,43.4,41.1,41.9,45.1,44.6,48.2,45.8,44.3,49.3,43.3,44.0,42.8,47.0,44.3,42.8,47.3,37.8,46.1
14/04/2020,47.4,43.1,52.4,48.0,43.4,48.1,46.8,43.5,43.0,45.4,43.5,40.9,41.9,47.3,44.4,48.4,44.9,44.3,49.1,43.2,45.7,42.6,47.5,44.1,42.2,47.4,38.4,46.0
15/04/2020,51.9,43.8,52.7,47.1,43.9,49.1,47.5,43.4,41.9,43.9,43.4,41.2,41.1,45.6,45.4,49.0,45.3,43.7,48.8,46.0,47.3,42.6,46.6,43.5,42.3,46.3,38.2,45.7
16/04/2020,43.8,40.6,49.0,45.5,40.0,44.9,45.7,40.8,40.4,41.7,40.8,39.2,38.9,42.6,42.0,46.5,41.6,41.5,46.5,41.2,42.0,39.1,43.3,41.4,38.7,43.2,35.8,42.8
17/04/2020,45.3,40.6,50.1,44.7,40.1,46.0,43.5,41.0,39.6,42.3,40.3,38.8,38.1,46.7,40.4,45.3,43.3,41.3,47.7,39.1,41.9,40.3,44.1,41.6,39.0,43.8,35.1,43.0
18/04/2020,48.8,43.7,53.7,47.8,43.7,48.0,47.8,45.3,44.1,44.1,44.7,43.7,42.8,46.8,42.3,47.7,43.1,46.3,50.2,41.9,46.4,44.1,48.5,47.4,42.7,47.7,39.7,46.6
19/04/2020,56.6,52.4,60.2,56.4,53.1,55.2,54.2,54.3,50.8,51.8,52.9,51.3,50.7,55.4,51.0,57.2,51.0,55.5,57.1,50.9,54.1,51.2,56.8,57.1,50.9,55.2,47.8,54.6
20/04/2020,47.1,42.6,52.5,46.3,44.1,47.4,46.3,50.0,41.2,44.2,42.9,41.0,40.6,46.1,43.3,48.3,44.2,42.8,48.0,42.0,44.0,43.1,45.2,43.5,40.9,46.8,37.9,45.4
21/04/2020,53.4,49.5,56.3,49.9,52.4,54.7,53.6,52.1,48.3,52.3,50.2,48.6,48.2,53.5,51.2,55.3,51.8,51.4,54.6,52.1,51.1,46.1,54.3,50.7,47.8,52.7,48.9,52.3
22/04/2020,46.0,42.2,50.4,45.7,42.0,47.1,45.0,40.5,38.6,43.6,40.8,38.8,39.7,45.3,42.6,47.7,42.9,40.4,46.4,41.2,42.9,39.4,42.8,41.0,39.7,43.5,36.0,43.2
23/04/2020,46.8,42.2,51.2,45.7,43.8,46.7,45.8,41.7,39.2,43.6,41.6,39.4,39.4,46.0,41.6,46.3,41.9,41.5,53.2,40.0,43.6,39.8,43.3,41.6,44.1,44.0,37.1,44.2
24/04/2020,45.7,41.8,50.7,44.3,40.6,45.7,43.3,40.2,37.6,42.5,39.9,38.2,37.8,46.0,40.4,47.2,41.1,39.9,46.1,38.9,41.4,38.8,41.8,40.0,39.1,42.4,34.8,42.3
25/04/2020,48.7,43.8,56.7,47.7,43.2,48.6,46.1,45.2,41.2,45.3,44.1,42.8,41.7,48.7,42.6,48.2,43.5,44.3,50.2,41.8,45.5,42.8,47.4,45.4,40.8,46.7,40.0,46.0
26/04/2020,56.2,54.2,57.8,57.1,51.6,54.3,52.8,53.3,47.7,51.7,51.1,49.5,49.1,56.6,48.7,56.1,48.7,52.1,56.8,49.0,53.2,49.3,56.7,53.2,46.9,53.5,46.3,53.1
27/04/2020,46.1,42.8,50.3,46.2,43.4,47.5,44.5,42.5,38.9,44.9,41.3,40.0,39.6,46.8,44.6,48.2,44.3,41.3,48.0,41.3,43.0,40.7,44.1,42.2,39.9,44.5,36.5,44.1
28/04/2020,45.5,42.5,50.3,46.6,41.6,46.4,44.1,41.9,38.5,44.1,41.0,39.1,39.1,47.2,42.0,46.7,43.4,40.7,48.2,41.1,42.2,40.4,43.4,41.8,39.5,43.7,36.1,43.4
29/04/2020,43.6,41.3,48.4,47.7,40.8,44.8,43.0,40.9,37.5,42.7,40.2,38.3,37.9,46.1,40.9,45.7,41.9,39.9,47.2,39.8,41.3,39.5,42.0,40.4,37.6,42.8,35.8,42.3
30/04/2020,43.2,42.0,47.9,44.8,39.6,44.6,42.1,38.9,36.7,42.9,38.6,36.7,37.0,46.2,40.9,45.4,42.2,38.5,45.7,38.6,41.0,39.4,40.1,38.6,37.3,41.4,35.8,41.2
01/05/2020,51.4,47.8,52.9,54.2,46.1,49.8,49.3,50.7,44.9,50.0,48.2,47.5,46.3,53.8,44.9,51.8,46.2,50.7,53.6,45.9,49.7,45.0,52.9,51.1,43.7,50.4,45.0,49.7
02/05/2020,46.9,42.4,50.7,48.3,39.8,45.6,44.4,42.2,40.0,42.9,42.5,41.4,40.1,47.6,40.0,45.4,40.8,42.4,48.7,38.3,44.0,43.2,45.6,43.5,38.3,45.7,39.4,44.0
03/05/2020,54.0,47.7,54.0,54.5,46.3,50.7,49.6,50.4,45.1,48.2,48.1,46.8,46.7,53.3,46.0,51.5,46.4,49.5,56.0,45.0,50.4,49.1,52.5,50.3,44.0,51.1,45.1,50.0
04/05/2020,45.6,42.4,48.3,47.9,41.6,46.8,43.7,41.2,38.3,44.0,40.4,38.7,39.3,47.3,42.4,46.3,43.4,40.2,47.2,42.9,42.0,40.0,42.1,40.5,39.8,43.6,37.0,43.1
05/05/2020,45.6,42.1,47.4,47.3,40.8,46.5,42.4,40.4,37.4,49.6,39.7,38.2,38.3,45.5,43.0,46.3,43.3,39.5,46.1,40.2,41.5,40.3,42.3,39.9,39.3,42.7,36.9,42.5
06/05/2020,46.0,42.8,49.2,48.1,41.7,48.0,42.2,40.0,37.3,49.3,39.5,40.2,39.2,45.7,43.4,46.1,44.2,41.0,46.2,40.7,41.9,41.9,41.0,41.0,40.5,42.7,37.2,42.8
07/05/2020,46.5,44.0,47.9,48.8,41.7,47.7,42.9,41.6,37.7,49.1,40.3,39.0,39.5,49.0,43.5,46.2,44.6,39.4,49.2,41.2,42.4,40.9,40.9,39.2,42.9,43.8,37.7,43.3
08/05/2020,46.2,40.5,46.7,48.0,38.6,48.7,40.1,39.1,35.8,46.0,37.8,37.2,36.9,47.1,40.3,43.1,40.8,37.9,44.8,37.6,40.7,38.9,39.1,37.6,37.2,41.2,35.2,40.8
09/05/2020,48.1,43.2,48.5,50.7,42.4,50.8,42.5,41.7,37.5,47.6,40.0,43.1,38.0,49.2,41.7,45.2,42.3,39.7,46.5,39.6,43.3,41.2,42.0,40.1,41.9,43.5,38.8,43.1
10/05/2020,51.2,48.2,50.0,53.9,47.6,53.6,45.4,47.6,40.1,49.7,43.4,47.0,41.9,55.0,44.6,49.7,44.5,44.4,50.0,43.0,47.1,41.8,46.6,45.5,43.7,47.2,43.5,47.0
11/05/2020,47.0,43.9,49.0,50.5,42.6,50.3,42.9,40.7,37.5,49.2,39.4,43.3,37.9,51.3,44.4,47.3,44.1,38.7,47.7,41.5,43.3,41.2,41.2,39.0,40.5,43.5,37.0,43.3
12/05/2020,48.0,45.1,48.7,50.7,42.9,50.7,42.8,40.6,37.2,48.9,39.6,43.7,38.4,50.1,45.5,48.3,45.2,39.2,47.4,42.2,43.9,42.3,45.4,39.3,42.1,43.3,37.3,43.7
13/05/2020,47.5,45.0,49.1,50.9,43.4,50.9,42.1,40.4,36.9,48.7,39.3,43.4,39.0,49.5,45.1,47.5,45.0,39.5,46.8,42.7,43.0,42.2,42.3,40.0,42.2,43.0,37.6,43.4
14/05/2020,50.6,44.4,47.9,50.1,42.0,50.2,41.9,39.9,37.1,48.5,39.1,43.0,38.6,49.1,45.9,47.1,43.6,38.7,46.8,42.9,43.6,41.5,40.2,39.1,40.9,43.2,37.5,43.0
15/05/2020,47.2,43.2,46.4,52.2,40.4,50.2,41.2,39.9,36.3,50.5,38.3,42.5,37.7,48.5,47.6,46.2,49.4,37.6,48.8,41.8,42.5,41.1,39.5,37.8,39.7,42.1,36.5,42.5
16/05/2020,49.7,46.3,49.1,52.7,43.3,52.7,44.7,47.1,39.6,48.8,43.2,45.8,40.1,41.0,45.9,53.9,47.3,41.6,48.4,47.9,46.1,45.0,44.5,42.3,41.9,45.3,42.1,45.8
17/05/2020,56.3,54.0,55.1,60.5,51.0,56.5,51.8,53.3,45.9,53.6,48.9,52.2,47.6,57.1,51.7,58.9,55.5,49.2,54.5,49.8,54.1,51.4,52.4,50.3,48.2,52.0,50.7,52.2
18/05/2020,50.0,44.2,48.1,47.9,41.9,48.7,42.5,40.5,37.4,44.2,38.9,42.7,38.3,47.9,44.2,49.8,42.9,38.6,46.2,41.1,44.3,42.3,40.5,39.1,41.4,42.4,39.3,42.7
19/05/2020,49.8,44.0,46.8,57.9,43.7,48.3,42.0,40.5,36.8,43.9,38.6,42.3,37.9,48.9,43.8,48.8,43.1,37.8,45.8,41.0,42.8,42.2,40.0,38.3,44.4,41.3,37.0,42.3
20/05/2020,48.5,45.3,45.3,55.8,42.0,47.7,41.2,39.6,35.9,43.3,37.6,36.5,36.9,47.9,44.3,48.9,43.0,37.0,44.3,41.9,42.0,41.5,38.6,37.5,43.3,41.2,41.8,41.7
21/05/2020,48.8,44.5,45.6,55.1,44.7,48.1,41.2,39.3,36.6,44.3,38.2,36.7,37.4,48.6,43.9,47.6,42.5,37.6,44.8,41.0,42.9,42.1,41.6,38.2,40.3,41.8,37.3,42.2
22/05/2020,47.9,42.9,44.3,54.3,40.6,46.6,39.9,38.1,35.5,42.7,36.8,37.7,36.6,47.1,42.3,45.8,44.9,39.1,43.5,40.6,41.9,41.3,40.1,38.4,44.8,40.9,36.2,41.2
23/05/2020,50.8,46.2,48.6,55.6,43.0,49.1,43.3,43.0,39.4,44.8,41.8,42.6,41.8,49.9,48.7,52.6,44.6,43.1,46.6,44.0,46.0,44.3,46.4,42.7,40.6,45.9,41.0,45.3
24/05/2020,58.9,56.2,51.9,60.7,50.5,54.9,51.4,51.6,47.1,50.4,51.9,50.0,49.6,55.2,54.0,56.6,53.0,51.9,57.4,52.6,54.1,51.6,55.8,50.7,47.8,54.2,48.8,53.2
25/05/2020,48.6,44.0,44.7,52.6,45.2,47.1,42.1,43.5,37.2,42.6,39.0,38.2,38.7,43.6,44.0,47.9,42.8,38.4,44.9,41.5,42.7,41.8,40.3,38.6,44.4,48.4,37.3,43.9
26/05/2020,47.4,43.6,44.3,52.3,45.7,46.6,41.1,39.6,36.6,42.5,37.9,37.8,38.1,43.9,43.0,46.5,42.6,37.8,44.2,40.9,42.4,41.6,40.3,38.2,39.5,41.0,37.3,41.6
27/05/2020,46.6,42.8,43.9,51.8,43.1,47.4,40.5,39.1,36.1,41.4,37.7,37.4,37.4,42.6,42.1,46.0,41.8,37.3,43.6,40.4,41.7,41.6,38.6,37.9,39.0,41.0,36.0,41.1
28/05/2020,47.4,43.0,43.9,50.8,41.8,47.8,40.8,39.2,36.4,41.6,38.1,37.2,37.5,43.1,42.3,45.9,42.1,37.5,44.0,40.8,42.3,41.5,39.2,38.1,41.6,41.0,36.8,41.2
29/05/2020,44.5,41.2,42.2,48.4,39.2,43.6,39.2,37.4,34.8,40.5,36.1,35.8,36.1,41.9,40.6,44.8,42.4,36.1,41.6,38.7,40.3,40.6,36.9,36.1,36.6,39.2,34.1,39.2
30/05/2020,48.1,48.6,44.3,50.5,43.0,46.1,42.3,41.7,37.9,42.2,40.1,39.2,39.1,45.2,43.5,46.8,42.9,39.8,44.2,42.1,44.1,42.9,41.6,40.7,39.6,42.7,38.5,42.6
31/05/2020,54.6,53.5,50.7,56.0,50.1,52.9,49.5,50.8,44.5,48.8,47.4,46.2,46.7,50.0,50.3,53.6,51.8,47.7,51.0,49.0,51.3,49.9,52.2,48.6,49.0,49.8,46.0,49.8
01/06/2020,43.9,42.2,43.8,49.3,41.1,44.2,40.8,39.1,37.9,40.7,37.8,37.4,37.7,41.8,45.1,44.2,42.0,38.2,42.9,41.1,41.3,39.4,39.3,39.4,40.0,40.6,35.3,40.7
02/06/2020,44.5,41.4,41.7,48.0,39.9,43.5,40.4,38.8,35.9,39.9,37.4,40.9,37.8,39.8,43.5,43.5,41.0,39.4,42.4,40.2,41.3,40.0,39.2,38.3,38.0,41.7,34.6,40.5
03/06/2020,44.0,41.0,40.4,44.2,39.5,42.7,39.5,38.0,35.4,39.0,36.8,38.3,37.3,39.3,42.6,42.5,40.3,37.5,41.6,40.1,41.2,39.1,38.3,37.2,37.7,40.0,34.5,39.5
04/06/2020,44.1,40.0,40.2,43.2,40.2,42.3,38.7,37.3,34.9,38.7,36.1,37.3,36.6,39.0,41.5,41.4,40.4,38.1,41.3,39.4,40.9,39.2,36.8,37.4,37.7,39.4,33.9,39.1
05/06/2020,39.4,39.6,40.9,44.1,39.4,41.5,38.8,37.6,35.2,38.1,36.5,36.6,37.6,38.7,40.6,36.3,35.1,34.1,37.4,34.8,36.7,35.4,36.6,36.2,32.2,35.8,31.2,35.2
06/06/2020,45.4,40.9,41.6,45.2,40.2,42.2,39.8,40.5,36.5,38.8,38.7,38.5,39.2,40.2,41.4,42.3,39.6,40.4,42.0,40.3,46.9,41.7,42.5,40.8,37.1,40.9,36.8,40.6
07/06/2020,53.7,49.3,49.5,52.7,48.2,51.2,47.7,51.7,43.6,45.4,46.7,45.1,46.7,47.5,48.1,51.2,47.6,47.5,50.5,49.6,55.1,51.6,52.9,47.8,44.3,48.5,44.7,48.7
08/06/2020,42.0,39.3,40.5,43.7,38.0,40.5,39.3,37.4,34.9,38.2,35.7,35.0,36.8,38.3,40.1,40.4,39.0,36.0,40.3,39.5,45.8,39.3,36.9,36.1,37.5,38.4,33.5,38.2
09/06/2020,42.1,40.5,39.9,42.5,38.8,40.8,38.3,36.5,34.4,37.8,35.1,34.9,36.5,38.2,40.5,40.5,39.8,36.7,39.7,39.9,46.5,40.2,36.7,36.2,36.4,37.8,33.6,38.0
10/06/2020,43.9,40.7,41.9,43.2,39.7,42.7,39.4,37.4,35.4,39.3,36.3,36.1,37.7,39.1,42.4,42.2,41.3,38.2,40.8,41.3,47.8,39.9,38.2,38.9,38.4,38.8,34.6,39.3
11/06/2020,46.8,45.1,44.9,45.7,44.4,43.6,44.5,44.7,41.5,40.7,43.3,41.8,45.1,43.3,43.4,42.5,42.1,45.7,44.6,49.2,50.4,44.3,48.0,45.1,43.6,41.7,33.3,43.7
12/06/2020,42.1,36.5,40.2,41.3,35.9,38.8,37.3,36.3,34.4,35.7,35.4,35.3,36.3,37.0,37.2,37.6,37.0,35.1,38.2,41.9,45.5,40.0,36.7,35.0,34.4,36.8,36.7,36.8
13/06/2020,44.8,42.8,41.7,44.4,39.2,40.2,40.5,41.1,37.3,37.9,39.1,39.2,39.5,39.8,39.0,40.7,39.0,39.0,41.3,39.8,48.2,41.4,42.8,40.6,39.8,39.9,44.6,40.1
14/06/2020,53.3,51.4,49.2,51.8,47.2,48.1,48.3,49.8,44.5,44.5,46.4,45.9,48.5,47.0,48.2,51.5,48.2,49.2,50.7,48.0,54.3,50.1,50.6,50.3,43.8,50.2,34.2,48.9
15/06/2020,46.3,44.4,40.8,44.0,38.7,40.4,39.5,38.8,35.6,37.7,36.2,36.1,37.5,38.4,39.7,41.7,39.4,36.8,42.2,39.0,41.9,40.2,38.0,37.2,38.5,39.0,34.2,39.0
16/06/2020,42.3,40.1,40.8,44.5,39.7,41.3,40.5,40.7,35.8,38.4,36.8,36.8,38.1,38.7,39.7,41.1,41.1,36.8,41.3,41.5,41.4,40.9,38.0,37.9,38.4,38.8,33.7,39.1
17/06/2020,41.1,39.3,39.2,42.4,38.5,40.0,38.7,37.1,34.2,36.6,35.6,35.1,37.0,37.2,38.6,39.2,39.7,35.4,38.5,39.8,39.6,37.6,36.4,35.6,36.3,36.8,34.4,37.3
18/06/2020,42.6,40.0,40.1,42.9,39.8,40.8,39.7,37.7,35.5,38.2,36.4,36.4,38.0,38.0,40.9,40.5,41.0,36.7,39.7,41.7,41.2,40.2,38.4,36.1,38.6,37.9,31.2,38.5
19/06/2020,37.9,35.2,36.4,38.1,33.8,35.9,35.6,35.3,32.5,33.6,33.2,33.4,35.2,34.5,37.6,35.5,35.0,34.2,36.2,36.8,38.0,36.0,34.2,33.3,32.8,34.7,31.2,34.7
20/06/2020,44.4,39.3,40.9,42.8,38.5,39.5,40.4,40.3,36.6,37.3,38.7,37.9,40.1,39.0,37.1,39.0,39.1,39.9,40.3,39.2,42.9,41.2,40.4,38.5,36.6,38.9,35.7,39.1
21/06/2020,52.9,47.5,47.4,51.5,47.3,47.3,48.4,49.7,44.6,43.3,46.5,46.5,49.5,46.5,45.1,47.7,48.6,48.7,47.7,47.4,51.6,51.0,49.6,47.1,44.5,47.2,43.7,47.3
22/06/2020,43.3,39.2,41.5,42.9,38.5,40.1,40.4,38.1,35.9,37.5,36.5,36.7,38.6,38.6,37.6,37.7,39.6,36.9,40.5,39.4,41.6,39.4,38.2,36.5,37.9,38.4,33.7,38.4
23/06/2020,42.7,37.5,40.7,42.1,36.9,40.2,39.7,37.2,35.9,37.3,36.6,36.7,38.2,37.8,35.7,36.1,40.6,36.7,40.1,38.7,41.1,39.2,38.1,36.2,36.6,37.9,33.6,37.8
24/06/2020,43.6,43.3,40.5,42.1,40.3,40.3,39.3,38.2,35.3,37.0,36.5,36.5,38.4,37.8,43.1,46.7,40.1,36.8,39.8,39.8,41.3,39.2,38.3,36.6,42.9,37.7,34.1,39.0
25/06/2020,42.9,39.1,40.0,42.1,39.9,39.9,39.4,37.0,35.2,36.9,36.4,36.9,40.3,37.6,38.6,38.8,39.7,37.8,39.7,39.2,41.5,39.4,41.7,37.5,38.3,37.2,33.6,38.3
26/06/2020,41.7,38.1,38.6,41.8,37.9,38.4,38.1,36.0,34.6,35.7,35.4,37.3,40.1,36.6,37.5,38.6,38.3,37.1,38.4,37.9,39.0,37.3,38.1,36.6,36.1,37.8,32.3,37.5
27/06/2020,46.5,41.9,42.1,45.3,41.6,41.4,41.9,41.7,38.5,38.7,40.6,45.0,44.7,40.3,40.4,41.9,44.8,45.9,42.5,41.3,43.6,41.3,44.6,46.7,39.3,46.5,37.1,43.2
28/06/2020,53.9,48.6,48.4,51.4,48.3,47.6,49.3,50.9,46.3,44.2,48.0,50.8,52.2,48.6,45.9,50.6,50.5,53.9,49.8,47.3,51.9,48.6,53.5,53.0,45.1,51.3,44.3,49.8
29/06/2020,44.0,43.1,42.4,43.6,40.4,41.7,42.2,44.0,37.3,41.2,39.0,38.4,41.9,38.9,40.2,40.2,40.4,39.2,42.7,41.3,42.1,44.4,41.7,40.0,40.1,40.1,34.4,40.5
30/06/2020,42.7,39.4,40.6,42.2,39.9,41.1,41.0,38.8,37.1,37.3,38.2,37.3,40.8,38.3,39.2,39.7,40.3,39.0,40.9,39.2,42.1,38.8,45.8,42.9,38.2,38.8,34.0,39.7
01/07/2020,42.7,39.9,40.3,42.2,39.4,40.7,40.2,38.0,37.2,37.4,37.8,37.2,40.5,38.0,39.6,39.7,40.4,38.3,40.5,39.4,41.9,38.8,40.1,37.6,38.2,38.6,33.6,39.0
02/07/2020,43.1,40.3,40.4,41.9,41.0,41.3,40.4,38.1,37.1,38.4,37.5,37.8,40.2,38.0,40.0,40.3,42.9,38.8,40.6,40.2,41.6,38.5,39.3,37.0,39.2,38.3,33.9,39.2
03/07/2020,41.6,38.5,38.5,40.5,38.5,39.8,38.5,37.2,35.4,37.0,36.2,35.9,38.7,36.7,38.9,38.7,41.6,37.4,38.9,38.3,40.3,36.9,37.8,35.9,37.9,37.0,32.0,37.6
04/07/2020,44.4,41.4,40.6,41.9,42.0,41.9,40.9,41.4,39.5,39.7,40.3,39.5,43.2,39.4,40.4,40.9,49.6,42.2,41.3,41.0,43.1,39.2,43.0,40.8,39.9,40.1,37.2,41.0
05/07/2020,51.8,53.1,46.7,49.3,49.3,48.4,48.2,51.4,47.3,45.1,47.5,46.8,50.6,45.8,49.0,51.7,53.0,53.2,47.2,50.4,51.3,47.4,57.9,51.0,48.6,47.8,43.9,50.0
06/07/2020,43.0,40.6,41.1,42.5,41.1,44.6,41.3,38.6,38.3,39.1,38.1,37.9,41.5,38.6,41.2,41.1,41.7,40.1,40.8,43.9,42.1,38.5,40.7,40.0,39.6,39.5,35.1,43.9
07/07/2020,42.7,39.1,39.7,41.3,40.9,41.2,39.5,37.2,37.3,38.1,37.1,36.4,40.5,38.1,39.5,39.0,41.7,38.7,39.6,39.1,40.9,37.3,46.2,40.1,39.2,37.9,34.3,39.1
08/07/2020,42.1,39.5,39.4,41.2,41.5,41.1,39.0,37.2,37.0,38.0,37.1,38.1,40.0,37.5,40.0,39.1,41.7,39.3,39.2,39.5,41.5,37.8,41.9,38.2,39.6,37.4,34.0,38.8
09/07/2020,42.6,40.2,39.9,41.0,43.4,41.3,40.0,37.6,37.1,38.7,37.2,38.0,40.5,37.5,40.6,40.6,41.9,38.6,39.8,40.5,41.3,41.7,40.0,37.0,40.0,38.6,34.2,39.3
10/07/2020,43.0,39.1,39.8,40.6,39.7,40.9,39.2,37.1,36.5,37.7,36.2,36.2,39.6,37.2,39.8,38.4,42.0,37.6,38.8,39.0,40.4,38.5,38.0,36.5,39.0,37.1,34.0,38.0
11/07/2020,46.1,42.4,41.6,42.3,43.3,42.6,41.8,41.6,40.0,39.9,40.4,40.0,42.9,39.7,42.1,42.6,48.6,42.4,40.9,43.0,43.9,40.6,46.7,43.0,42.9,40.4,38.1,41.7
12/07/2020,51.7,48.7,47.0,48.8,49.2,47.7,48.7,49.0,47.5,44.5,47.2,46.7,50.5,45.7,46.1,48.1,51.9,51.6,46.9,47.5,51.4,47.8,56.2,51.4,49.6,47.5,44.9,48.4
13/07/2020,43.1,40.5,41.9,42.1,41.0,41.8,41.3,39.1,38.3,39.0,38.4,38.2,41.0,38.7,39.9,40.7,41.3,39.4,41.1,39.9,42.8,38.8,40.8,40.0,40.2,39.6,35.5,40.0
14/07/2020,44.3,41.2,42.1,42.7,42.5,43.0,41.3,39.4,38.3,39.5,39.1,39.6,42.1,39.3,41.1,41.4,43.2,39.8,42.9,41.1,43.2,39.6,41.9,39.7,40.9,40.8,36.3,40.9
15/07/2020,43.3,40.8,40.7,41.9,41.8,42.5,40.2,40.5,36.6,39.5,37.6,37.0,40.3,38.4,40.6,40.6,43.4,37.5,42.6,40.8,41.3,39.4,39.9,37.8,41.1,38.7,35.3,39.7
16/07/2020,43.0,41.7,40.6,41.8,42.2,42.1,40.3,38.6,36.6,39.1,37.8,37.1,39.9,38.2,41.8,44.5,43.1,37.6,40.8,40.8,41.0,39.4,43.6,38.7,42.5,38.5,35.0,39.9
17/07/2020,38.8,36.1,36.7,35.6,37.5,36.9,35.7,33.7,32.9,34.3,33.5,33.7,36.2,34.3,35.8,37.2,37.3,34.0,36.0,35.1,36.6,34.9,36.4,34.6,35.4,34.5,31.2,35.2
18/07/2020,43.3,38.9,40.0,39.7,40.7,40.2,39.4,39.4,37.3,38.1,38.5,42.2,40.6,38.1,40.4,39.1,46.1,39.0,38.9,40.3,41.1,40.9,40.3,40.9,39.5,38.1,37.2,39.2
19/07/2020,51.9,52.5,46.9,49.1,51.5,48.2,48.5,50.8,46.4,45.4,47.3,49.4,49.8,46.3,46.3,48.9,52.2,49.6,46.5,47.0,50.3,48.4,50.1,50.9,47.7,47.1,45.2,48.2
20/07/2020,43.4,39.5,41.6,41.7,40.6,42.1,40.8,38.2,36.9,39.3,37.5,37.2,40.1,39.2,41.3,40.0,41.1,37.0,40.2,40.7,41.6,38.6,38.8,38.5,40.4,38.2,34.7,39.1
21/07/2020,43.5,40.3,41.2,41.6,42.0,42.1,40.7,38.1,37.1,39.4,37.9,38.0,40.2,39.2,40.3,40.6,42.8,37.0,40.1,40.7,41.9,41.5,39.4,38.8,41.7,38.2,35.2,39.3
22/07/2020,42.0,39.5,40.2,41.3,41.0,41.3,39.6,37.1,36.4,38.5,37.2,37.0,39.6,38.0,39.6,39.5,42.8,36.6,38.9,39.2,40.9,39.6,38.2,38.2,40.1,37.3,35.2,38.5
23/07/2020,42.9,38.4,40.6,40.6,39.8,40.8,39.6,37.2,36.4,38.3,37.0,37.1,39.6,37.8,39.5,38.8,41.5,36.9,39.1,38.9,40.8,38.5,38.4,38.4,39.6,37.2,35.1,38.3
24/07/2020,42.3,38.3,39.6,40.4,39.0,39.8,38.8,38.7,35.8,37.4,36.3,36.7,38.6,37.6,38.1,38.3,40.3,36.2,38.4,37.7,39.9,38.7,38.7,37.5,38.8,36.8,34.6,37.7
25/07/2020,46.6,41.4,41.8,43.2,42.0,42.0,41.1,40.9,39.1,40.0,40.2,44.1,42.1,40.2,40.3,41.1,48.5,41.3,40.3,40.1,42.7,40.9,45.9,43.9,41.0,40.2,38.9,41.2
26/07/2020,51.6,46.7,47.4,48.5,49.7,47.7,48.1,51.1,46.2,45.0,47.4,49.8,49.5,46.5,47.6,49.8,51.5,51.7,46.7,47.6,50.2,46.7,52.0,54.2,46.5,48.5,46.3,48.7
27/07/2020,41.6,39.7,41.4,41.5,40.9,41.0,40.7,37.9,36.9,38.9,37.6,37.3,38.8,39.1,39.7,39.9,40.7,37.1,39.8,39.5,40.6,38.7,41.4,39.1,40.2,38.6,35.1,39.2
28/07/2020,42.1,39.8,40.7,41.3,41.0,41.1,40.0,37.4,36.8,38.7,37.3,37.6,38.8,38.8,39.2,39.5,41.5,37.1,39.5,39.2,39.8,38.7,42.5,40.0,41.8,38.0,35.7,39.0
29/07/2020,41.4,40.7,40.2,40.1,39.8,40.9,39.7,36.9,36.2,38.3,37.0,37.4,38.3,37.9,39.5,40.0,41.6,39.2,40.3,39.0,39.9,37.5,39.5,39.5,40.3,38.4,35.5,38.9
30/07/2020,42.8,38.9,40.0,40.6,40.0,40.8,39.7,37.3,36.2,38.6,37.2,37.6,38.5,37.7,38.8,39.2,41.1,38.1,43.4,38.9,39.8,37.5,39.8,39.2,39.2,39.1,35.8,39.2
31/07/2020,40.5,37.4,39.1,38.4,38.6,39.4,38.6,39.7,35.9,37.1,35.7,36.7,37.0,36.9,37.4,37.2,39.5,36.0,39.0,36.9,38.8,37.0,37.3,37.5,39.0,36.6,34.5,37.4
01/08/2020,43.2,39.7,40.8,40.8,39.9,39.9,40.9,41.7,38.2,37.7,39.8,40.3,39.5,39.0,37.9,39.6,44.5,39.8,40.4,37.6,41.4,39.7,41.9,41.4,38.8,39.8,37.9,39.9
02/08/2020,50.0,48.7,45.9,47.4,48.2,46.6,47.8,48.9,45.2,43.9,46.7,47.2,47.6,45.3,45.0,47.8,50.0,49.1,45.9,45.1,48.7,45.2,49.9,50.2,46.4,46.8,45.6,47.2
03/08/2020,40.9,37.3,40.4,39.3,39.2,39.7,39.7,36.5,35.7,37.5,36.6,36.7,37.4,37.8,37.7,37.9,38.7,36.1,38.9,37.0,38.8,36.4,37.6,37.1,38.4,37.3,34.6,37.7
04/08/2020,40.3,37.7,39.5,39.3,41.1,39.7,38.8,37.2,35.3,37.4,36.1,36.0,37.2,37.0,37.2,38.1,39.7,35.6,38.4,37.0,39.0,36.5,37.5,36.5,37.9,36.7,34.2,37.5
05/08/2020,39.0,36.4,37.5,37.6,37.9,38.0,37.4,34.7,33.7,35.7,34.4,34.2,35.4,35.5,39.7,36.7,37.8,33.8,36.4,35.8,37.0,35.3,35.3,34.6,36.5,34.9,33.2,35.7
06/08/2020,42.3,37.5,38.7,38.3,39.2,39.4,38.5,35.5,34.6,37.1,35.3,35.2,36.3,36.5,37.3,38.1,39.3,34.9,37.5,37.4,38.6,36.4,36.5,35.4,37.7,35.9,34.3,36.8
07/08/2020,40.4,35.3,34.6,36.8,36.1,37.2,37.2,33.7,32.7,35.0,33.1,33.4,34.1,35.0,34.8,35.5,36.9,33.2,35.6,34.8,36.8,34.3,34.1,33.5,35.9,33.7,32.7,34.6
08/08/2020,43.0,38.7,39.6,38.9,40.0,39.9,35.9,37.4,36.2,38.1,37.3,37.7,37.9,37.8,37.7,38.6,45.4,37.1,37.7,37.9,40.2,38.3,39.0,37.9,39.3,37.5,36.9,38.1
09/08/2020,46.6,43.0,43.2,42.1,46.5,43.2,43.9,44.1,41.4,41.1,42.9,42.7,43.3,41.5,41.5,44.2,46.5,44.7,42.0,42.0,44.9,42.4,46.7,45.0,44.0,43.0,43.1,43.5
10/08/2020,40.3,37.1,39.4,38.6,37.8,39.2,38.4,35.8,34.5,37.0,35.1,35.3,36.2,37.6,36.9,38.0,38.6,34.7,38.0,37.0,38.4,36.1,37.7,35.1,37.1,36.1,33.4,36.7
11/08/2020,41.1,37.5,39.1,38.5,38.7,39.9,38.1,35.9,34.6,37.7,35.6,35.7,36.5,37.4,37.8,38.3,39.7,35.1,38.1,37.8,38.8,37.0,38.7,35.6,37.5,36.1,34.6,37.1
12/08/2020,40.7,37.6,39.0,38.5,38.6,39.5,37.8,35.3,34.2,37.1,34.9,35.2,36.0,37.1,37.5,38.3,39.4,35.2,37.5,37.5,38.5,37.3,39.4,37.3,37.6,35.6,34.1,36.8
13/08/2020,41.8,40.2,40.0,40.6,40.0,40.9,39.0,36.9,35.9,38.6,36.8,37.0,37.7,38.1,39.3,40.5,41.2,37.9,38.9,39.1,39.9,37.4,40.1,38.0,39.7,37.5,36.0,38.5
14/08/2020,40.3,35.8,38.5,38.3,37.1,39.0,37.3,34.5,34.1,36.9,34.1,34.7,35.8,36.6,36.8,36.1,39.0,34.3,36.5,36.3,37.6,36.0,36.0,35.5,36.6,34.7,34.3,35.8
15/08/2020,43.3,39.2,40.7,40.7,40.3,40.8,39.5,38.3,37.3,39.0,39.1,39.2,39.0,40.4,38.6,39.9,45.5,43.9,39.2,38.4,41.1,38.6,42.1,41.4,38.7,39.4,38.1,39.9
16/08/2020,50.8,47.7,46.6,47.0,47.8,46.7,46.7,46.5,44.4,44.2,45.8,52.1,46.5,45.2,44.4,47.2,49.8,53.8,46.6,44.8,48.9,45.5,49.3,51.7,45.8,49.4,45.5,47.9
17/08/2020,41.2,37.6,39.9,39.9,38.3,40.0,39.3,36.8,35.4,37.9,36.4,37.7,37.5,37.9,38.1,38.3,39.0,37.6,39.2,37.4,40.2,37.6,37.1,36.6,37.5,38.6,35.4,38.1
18/08/2020,41.0,37.4,38.8,38.5,38.4,39.6,38.3,35.9,34.9,37.3,36.1,36.5,37.0,37.4,37.8,38.0,39.1,38.3,38.0,37.4,39.0,36.7,37.1,36.7,37.2,38.1,34.3,37.6
19/08/2020,41.2,36.7,38.6,37.5,37.5,38.9,37.8,35.4,34.7,36.6,35.7,36.7,36.8,36.9,36.8,37.5,38.6,38.8,37.7,36.8,38.7,35.9,37.4,37.2,36.5,36.3,34.7,37.0
20/08/2020,40.6,36.9,38.4,38.3,37.3,38.7,37.6,35.9,34.9,36.7,35.6,40.4,36.7,36.8,36.8,37.6,38.5,39.2,39.1,36.4,39.0,38.1,37.8,38.0,36.8,37.3,34.4,37.4
21/08/2020,42.6,36.4,37.5,37.5,36.4,37.7,36.8,34.6,33.9,35.9,35.6,39.9,38.0,36.2,36.4,36.8,37.3,37.6,40.1,35.9,38.7,35.5,36.5,36.4,35.8,39.4,33.7,37.4
22/08/2020,45.4,37.8,40.3,40.7,38.5,39.4,39.4,42.7,37.4,37.5,42.2,42.3,40.5,38.8,37.0,38.8,43.1,40.5,46.5,36.9,42.0,38.5,41.5,40.6,36.7,41.7,37.8,40.7
23/08/2020,51.7,45.5,47.1,47.0,48.9,46.1,47.5,50.9,45.0,44.4,48.2,48.6,47.4,45.6,43.6,46.7,49.0,49.9,48.5,44.8,49.9,45.3,50.2,52.0,45.4,48.3,46.4,47.9
24/08/2020,40.5,37.4,39.5,39.5,39.2,39.3,38.9,36.6,35.3,37.2,35.9,36.1,37.2,37.9,37.5,38.0,38.7,35.8,39.1,37.0,38.9,36.6,37.0,36.4,37.1,36.8,34.7,37.4
25/08/2020,40.7,37.8,38.8,38.0,38.4,39.4,38.5,36.3,35.0,37.1,35.5,35.5,36.6,37.1,37.3,38.0,39.2,35.1,38.8,37.3,38.7,38.7,36.9,36.0,37.5,36.4,34.9,37.0
26/08/2020,39.7,36.4,38.5,38.0,37.9,38.9,37.7,35.7,34.7,36.5,35.3,41.5,36.7,36.9,37.3,37.8,38.8,34.7,38.1,37.1,38.4,36.4,36.2,35.3,36.4,35.7,34.3,36.6
27/08/2020,39.6,41.3,38.6,38.2,38.2,38.9,38.2,36.1,35.0,36.6,35.2,35.7,36.1,36.7,36.9,37.6,38.7,35.2,37.6,36.8,38.0,35.2,37.0,35.4,36.5,35.8,35.4,36.7
28/08/2020,38.7,35.2,37.7,37.2,35.4,36.9,36.6,34.5,33.6,34.8,34.0,34.9,34.9,35.9,34.7,35.7,35.6,34.0,36.4,34.5,36.9,34.7,36.3,34.4,34.8,34.5,32.9,35.1
29/08/2020,41.8,38.5,40.1,39.7,37.9,38.8,38.9,38.2,36.9,36.8,37.9,38.7,38.2,37.7,36.4,38.4,40.1,37.8,38.5,36.3,39.8,38.6,41.0,38.7,36.3,37.6,37.0,38.1
30/08/2020,48.4,45.3,45.7,46.1,46.2,45.6,45.9,46.5,44.1,43.2,44.9,45.3,45.6,43.9,42.4,46.0,47.9,45.0,44.4,43.8,46.7,44.0,54.9,47.2,43.2,44.7,44.8,45.5
31/08/2020,38.2,36.5,39.1,38.2,37.5,38.7,38.7,35.6,35.1,36.5,36.3,36.0,37.1,37.0,37.1,37.4,38.0,35.5,38.6,36.5,38.8,33.4,37.7,36.8,36.2,36.8,34.1,37.0
01/09/2020,38.7,37.0,38.1,37.7,36.5,37.8,37.5,34.9,34.2,35.6,34.7,35.1,35.7,35.9,35.6,36.7,36.8,34.8,37.8,35.4,37.5,34.6,37.7,36.5,34.6,35.7,33.3,36.1
02/09/2020,38.1,36.9,36.5,36.7,36.7,37.6,36.2,33.6,33.5,35.8,34.0,34.5,35.2,35.0,35.8,36.6,37.7,33.7,36.4,35.5,36.9,33.4,35.3,34.7,35.6,34.5,33.2,35.3
03/09/2020,38.0,36.4,36.7,37.1,36.3,37.5,36.3,33.9,33.8,35.8,34.1,34.6,35.4,35.4,35.7,37.1,37.8,34.0,36.4,35.2,36.7,34.3,38.2,34.2,35.3,34.6,33.3,35.5
04/09/2020,37.0,33.6,35.8,35.7,34.8,36.0,34.9,32.3,32.2,34.0,32.3,32.7,33.5,34.5,34.2,34.2,35.4,32.2,35.0,33.4,"35,9",33.3,33.1,32.7,33.6,32.9,31.7,33.6
05/09/2020,41.1,37.0,39.6,38.4,37.4,38.1,37.2,36.0,35.6,36.3,36.7,36.7,36.8,36.8,36.0,37.1,38.6,36.2,37.8,35.6,38.6,36.4,41.3,37.6,35.5,36.4,35.9,37.1
06/09/2020,47.8,43.5,44.6,45.9,45.2,44.4,44.2,44.4,42.9,42.2,44.2,44.2,44.9,43.3,41.6,44.5,46.3,44.7,43.6,42.3,46.5,43.1,55.2,48.3,41.8,43.7,43.3,44.6
07/09/2020,47.6,43.6,46.5,44.6,47.4,45.9,45.9,44.3,45.0,43.7,45.2,45.3,46.3,45.3,43.6,44.7,45.7,46.3,45.9,43.5,47.7,43.1,52.5,51.4,44.0,45.1,44.5,45.9
08/09/2020,36.8,34.6,34.0,36.0,35.4,36.9,35.6,34.1,32.7,39.2,33.1,33.5,34.5,34.8,34.9,35.0,36.3,35.7,35.6,34.4,35.7,33.8,34.8,34.5,34.3,34.1,37.5,34.7
09/09/2020,37.9,36.0,36.4,36.4,36.1,37.7,35.5,33.2,33.0,35.5,33.6,33.5,35.0,34.8,36.0,36.4,37.4,32.9,35.7,36.1,36.5,33.9,34.8,34.4,34.8,34.0,32.0,34.8
10/09/2020,39.0,35.9,37.5,37.6,36.6,38.6,36.0,34.1,33.6,36.6,34.2,34.7,35.5,35.8,36.6,36.4,38.0,34.0,36.5,36.3,37.7,35.7,35.5,34.1,35.7,34.7,33.7,35.5
11/09/2020,38.6,35.0,36.6,35.4,35.5,37.5,35.0,33.1,32.9,35.3,33.1,34.1,34.9,35.1,35.5,35.7,36.8,33.0,35.4,35.0,36.6,33.8,34.3,32.9,34.4,33.7,32.0,34.5
12/09/2020,41.8,36.9,39.3,38.4,38.3,39.6,37.6,37.0,36.3,37.9,37.4,38.0,38.1,37.7,37.2,37.4,39.7,37.3,38.3,36.9,39.7,37.6,42.0,37.4,36.7,36.8,37.4,37.7
13/09/2020,47.7,45.0,46.0,45.5,46.5,45.4,44.7,44.8,43.3,43.3,44.6,45.4,45.6,43.7,42.5,45.6,47.5,46.5,44.4,44.0,47.0,43.4,51.8,45.2,43.8,44.7,44.1,45.2
14/09/2020,38.7,36.0,37.9,38.3,36.7,38.5,37.2,34.4,33.6,36.6,34.0,34.6,34.8,35.7,37.1,36.8,37.2,33.7,37.2,36.0,36.6,35.1,35.8,34.2,35.3,35.2,31.9,35.7
15/09/2020,38.1,35.3,37.0,37.8,37.1,38.6,36.6,33.9,33.7,36.3,34.1,35.1,35.6,35.8,36.6,36.6,38.2,34.2,37.9,35.9,37.2,34.7,35.4,34.2,35.3,35.3,33.0,35.7
16/09/2020,38.7,43.0,37.3,37.8,37.0,38.3,36.5,34.1,33.5,36.5,34.2,35.1,35.9,35.7,36.8,37.0,38.2,33.9,36.7,36.3,37.5,35.4,38.6,34.0,35.3,34.7,33.5,35.8
17/09/2020,38.8,35.6,37.4,37.8,36.9,38.3,36.3,34.1,33.5,36.6,34.2,35.0,35.6,35.9,36.8,36.8,38.3,34.4,36.3,36.2,37.6,35.5,35.7,35.1,35.5,34.7,33.2,35.5
18/09/2020,38.5,34.0,36.5,35.9,34.8,37.1,35.1,32.4,32.7,35.5,32.7,33.9,34.9,35.1,35.3,34.4,37.1,32.7,35.1,34.3,36.4,34.3,32.8,32.4,34.1,33.1,32.4,33.9
19/09/2020,40.9,36.9,38.5,38.1,36.9,37.8,37.1,35.4,35.4,36.4,36.4,36.9,36.9,36.4,35.4,37.2,37.3,36.0,37.3,35.5,39.1,36.6,38.5,36.2,35.3,36.2,34.4,36.6
20/09/2020,47.0,43.9,44.8,44.5,44.7,44.3,43.8,43.8,42.2,42.2,44.2,45.0,45.0,42.4,41.8,44.7,44.9,46.4,46.7,42.9,46.5,41.8,46.8,46.5,41.6,45.6,42.0,44.9
21/09/2020,38.4,35.5,37.2,37.0,36.2,37.5,38.0,33.9,33.7,35.9,34.6,35.9,35.4,35.5,38.9,37.1,37.1,34.3,38.1,35.3,36.6,34.1,35.1,34.1,34.7,36.5,32.1,36.0
22/09/2020,38.1,34.3,36.4,36.2,35.9,37.7,35.9,33.5,33.2,35.7,35.1,34.7,35.0,34.7,35.3,35.4,37.0,33.5,44.6,35.0,37.0,34.0,34.0,33.4,34.5,36.0,31.3,36.0
23/09/2020,37.8,34.9,36.5,35.6,35.6,37.5,35.8,38.7,32.8,35.4,34.2,33.4,35.2,35.0,35.7,36.1,36.8,33.5,37.5,35.3,36.4,34.1,33.8,33.6,34.1,34.7,31.6,35.1
24/09/2020,37.7,35.6,36.1,35.0,35.8,37.4,34.9,33.9,32.3,35.7,33.2,32.9,34.9,34.8,36.0,36.1,37.5,32.7,35.9,35.6,36.1,33.9,34.2,32.2,34.5,33.7,32.4,34.5
25/09/2020,36.0,34.1,36.3,34.2,34.4,35.7,33.5,31.6,31.0,34.7,31.8,32.3,33.2,33.6,33.9,34.1,35.6,31.6,34.8,33.6,35.2,32.2,32.8,31.3,33.2,32.3,29.8,33.1
26/09/2020,40.5,37.3,41.4,37.5,37.2,38.3,36.3,35.4,34.3,37.3,36.1,36.1,36.6,36.2,35.7,37.6,38.0,35.8,37.1,36.2,38.2,36.2,38.6,35.4,35.3,35.9,34.1,36.6
27/09/2020,46.7,44.0,45.4,44.1,43.7,43.6,43.0,43.3,41.6,42.5,43.2,43.9,44.4,42.1,41.3,44.4,43.7,44.4,43.1,42.5,45.1,45.1,41.9,52.2,41.0,43.3,41.6,43.8
28/09/2020,38.6,35.7,37.4,36.0,36.0,38.8,36.4,33.5,33.0,35.9,34.2,34.4,35.2,35.4,36.0,36.9,36.7,35.7,37.1,35.4,36.5,36.5,33.8,34.9,34.3,35.4,31.2,35.6
29/09/2020,37.1,35.0,36.5,35.6,35.7,37.1,35.5,32.9,32.6,35.4,33.6,33.3,34.1,34.2,35.7,36.3,36.8,32.7,36.2,35.5,35.8,35.8,33.4,33.7,33.8,34.1,31.1,34.6
30/09/2020,34.6,34.0,35.0,34.4,34.2,35.7,34.1,31.3,30.7,33.5,32.0,31.8,32.3,33.0,33.7,34.2,35.4,31.5,35.0,33.7,33.5,33.5,30.9,34.2,32.6,32.5,29.5,33.1
01/10/2020,36.6,34.7,35.5,34.1,35.6,36.8,34.8,32.1,32.0,35.1,33.0,32.7,34.1,33.8,35.0,35.4,37.3,32.1,35.4,34.8,35.7,32.0,34.3,31.7,33.5,33.1,30.7,34.0
02/10/2020,36.8,33.9,35.5,35.1,34.3,36.1,33.9,31.8,31.6,34.3,32.7,32.8,33.8,33.7,34.3,34.7,36.1,32.2,35.3,33.8,35.5,32.6,35.1,31.7,32.6,33.3,30.8,33.7
03/10/2020,39.2,36.9,37.8,35.9,36.7,37.5,36.2,34.8,34.4,36.8,36.3,35.9,36.3,35.6,35.4,37.1,37.2,35.9,37.1,35.5,38.0,35.6,43.6,38.0,34.2,36.4,34.0,36.8
04/10/2020,46.6,44.0,45.4,43.8,44.5,44.0,43.2,43.9,41.7,42.2,43.9,43.1,44.0,41.7,41.7,44.5,44.5,45.4,45.1,43.0,45.2,41.3,51.8,49.6,41.1,44.7,41.0,44.7
05/10/2020,37.9,35.6,37.1,36.3,35.9,37.5,36.4,33.8,33.6,35.8,34.4,34.3,34.9,35.3,36.2,36.6,37.2,33.4,36.9,35.5,36.5,39.5,34.8,34.4,34.1,35.0,39.5,35.4
06/10/2020,36.3,35.0,35.4,35.3,35.8,37.1,34.5,31.9,31.6,35.2,32.4,32.0,33.4,33.8,35.6,35.6,37.3,31.4,35.0,35.3,34.5,31.7,32.5,31.2,33.8,32.7,29.8,33.6
07/10/2020,36.6,34.6,35.5,35.0,35.2,36.9,34.0,31.7,31.7,34.9,33.0,32.8,33.8,33.4,35.3,35.3,37.0,31.8,34.6,34.6,35.3,33.2,33.0,34.4,33.1,33.0,31.3,33.7
08/10/2020,37.5,34.3,35.7,34.8,35.4,37.1,34.6,32.1,32.1,35.1,32.9,32.4,33.9,33.8,35.3,35.4,37.4,33.3,35.7,34.9,35.3,32.5,33.2,31.2,33.3,33.8,31.8,34.2
09/10/2020,37.2,32.2,35.8,34.2,33.3,36.3,33.3,31.0,31.2,34.7,32.1,32.7,33.5,33.4,34.5,33.0,36.2,32.8,35.4,33.3,34.4,31.9,31.1,32.3,32.3,34.1,30.1,33.4
10/10/2020,39.6,34.8,38.0,36.1,36.2,38.6,35.9,35.8,34.3,36.3,36.0,35.8,35.7,35.6,36.3,35.3,38.3,43.6,37.6,34.8,37.6,35.1,35.1,34.7,34.4,35.0,34.2,35.7
11/10/2020,45.3,43.4,44.5,42.9,44.9,44.4,43.1,44.7,41.3,42.2,43.9,42.6,43.4,41.4,42.1,44.1,44.8,43.0,43.4,43.1,45.1,41.3,44.8,42.7,40.8,42.4,41.5,43.2
12/10/2020,44.3,42.5,43.5,40.9,44.6,43.7,43.1,45.1,41.9,41.4,43.8,42.9,42.5,42.4,41.6,44.6,43.5,43.1,43.1,42.6,44.1,39.7,44.0,41.8,41.5,43.0,39.3,43.2
13/10/2020,37.2,35.3,37.2,35.8,35.7,38.0,35.6,32.6,32.3,36.2,32.9,33.3,34.5,35.1,35.9,36.0,36.9,32.3,35.8,35.2,36.4,33.3,33.2,32.2,33.9,33.6,31.0,34.3
14/10/2020,37.9,34.9,36.6,35.5,35.5,37.6,34.7,32.8,31.8,35.3,33.0,33.6,34.5,34.3,35.8,36.5,37.1,32.1,35.7,35.4,35.7,33.5,33.1,31.7,33.7,33.3,30.9,34.1
15/10/2020,38.3,34.8,36.7,35.8,35.7,37.6,34.5,33.1,31.8,36.1,33.2,35.2,33.8,35.1,35.8,35.9,37.5,32.8,36.2,35.2,36.4,33.6,33.3,32.0,33.7,34.2,31.3,34.5
16/10/2020,35.8,34.2,35.6,35.7,34.5,36.1,33.3,32.1,30.9,34.7,31.6,32.1,31.9,33.8,34.7,34.6,35.7,31.0,35.3,34.3,34.9,32.7,31.8,30.5,32.7,32.8,30.0,33.2
17/10/2020,40.4,37.9,38.4,38.1,38.3,38.8,36.3,37.0,34.2,37.2,36.5,36.0,36.4,36.8,36.5,37.9,38.8,35.5,37.6,37.0,38.1,36.4,36.9,35.5,35.4,36.7,34.1,36.9
18/10/2020,47.3,45.3,45.6,43.8,48.3,44.8,44.1,45.7,41.5,42.8,43.8,43.8,44.0,42.6,42.8,45.1,45.3,44.3,43.4,44.1,45.8,42.3,45.9,43.8,42.0,44.0,41.3,44.3
19/10/2020,37.5,35.9,37.8,36.3,38.4,38.2,37.4,33.7,33.3,39.0,34.3,34.2,35.2,35.6,36.7,40.9,38.7,33.1,40.6,36.0,37.4,34.5,34.7,33.3,34.8,35.0,31.5,36.1
20/10/2020,37.1,35.3,36.2,36.2,36.0,37.8,35.4,34.7,32.4,35.7,34.7,33.7,34.4,34.9,36.3,35.7,37.5,36.6,35.3,36.0,36.8,33.6,34.1,32.8,34.5,34.2,31.2,34.7
21/10/2020,37.5,35.4,36.2,36.7,35.7,37.7,35.1,32.7,31.9,35.7,33.7,33.8,34.7,34.8,36.5,36.1,37.0,32.2,35.5,36.5,36.4,34.0,34.2,32.5,34.2,33.3,31.6,34.4
22/10/2020,37.8,35.1,35.7,36.6,35.6,37.9,34.4,33.9,31.8,35.7,33.3,32.8,34.3,34.1,36.1,36.1,37.6,32.3,35.3,35.8,35.8,33.7,34.0,33.2,34.1,33.4,30.9,34.3
23/10/2020,37.7,33.3,36.7,35.5,34.2,36.7,33.7,32.4,31.1,35.0,32.2,32.9,33.5,34.4,35.3,33.8,37.0,31.7,34.6,33.8,34.8,33.1,32.8,31.9,33.1,32.1,32.5,33.2
24/10/2020,39.8,38.1,41.3,39.1,38.3,39.4,37.5,40.7,36.2,37.3,38.4,36.5,36.5,37.1,37.0,38.9,39.7,35.9,38.2,37.6,38.2,36.7,38.1,36.5,36.2,36.9,35.4,37.7
25/10/2020,46.9,45.0,46.2,45.4,45.4,44.9,43.2,51.3,41.1,42.4,46.4,43.4,42.6,42.9,42.6,46.0,45.1,45.7,45.2,44.1,45.1,42.5,46.2,44.6,42.2,44.2,40.9,44.7
26/10/2020,37.7,35.6,37.3,36.9,36.4,37.2,36.1,33.2,32.4,35.0,32.8,36.0,33.2,37.4,35.7,36.0,40.0,32.8,36.6,35.3,35.6,34.4,34.5,32.6,34.8,33.8,30.7,34.7
27/10/2020,37.4,35.1,37.1,35.8,36.7,36.9,34.4,32.4,31.1,34.8,32.5,33.1,33.3,34.6,34.9,35.6,36.0,32.2,35.6,34.8,35.7,34.3,35.8,32.5,34.5,33.4,31.3,34.2
28/10/2020,37.4,35.5,36.3,38.1,35.1,37.3,34.8,32.8,31.6,34.4,32.7,32.6,32.7,34.7,35.6,36.0,36.5,31.9,35.6,34.9,35.2,33.2,33.5,32.3,34.3,33.2,31.1,34.0
29/10/2020,37.9,34.3,36.0,37.0,34.5,35.8,33.5,32.0,30.6,34.2,32.1,34.7,32.8,34.0,34.1,34.9,35.6,32.3,35.0,34.3,34.2,33.5,32.9,31.6,33.5,32.8,29.2,33.4
30/10/2020,39.7,33.9,36.1,36.1,34.0,35.2,33.8,31.8,30.8,33.8,32.0,31.5,32.3,34.0,33.1,34.6,35.0,32.6,36.8,34.0,36.4,35.0,32.3,31.8,32.5,35.1,29.9,34.0
31/10/2020,40.4,36.7,37.8,38.6,37.1,37.6,36.9,40.3,34.7,35.6,36.5,35.5,35.1,36.1,35.3,37.6,37.6,35.9,39.5,36.1,38.7,36.1,37.2,36.4,34.9,36.9,33.4,37.0
01/11/2020,46.2,44.3,45.1,46.3,45.2,44.8,43.8,46.7,40.7,41.7,43.7,42.4,41.5,42.5,41.2,45.1,44.5,44.3,46.5,43.4,44.8,42.8,46.0,44.8,40.7,44.9,40.6,44.5
02/11/2020,47.7,45.8,47.7,48.9,51.0,45.8,45.2,44.4,42.4,43.2,43.9,44.5,44.0,45.4,43.5,47.5,46.9,44.2,46.3,45.2,46.8,44.5,46.9,44.2,45.3,45.6,40.3,45.7
03/11/2020,35.3,34.7,36.4,35.0,36.3,35.7,34.7,32.2,30.6,34.2,31.7,31.4,31.2,34.5,33.8,35.0,34.9,31.4,34.8,33.8,34.6,32.3,32.1,31.8,33.3,32.9,29.2,33.4
04/11/2020,36.8,33.9,36.8,49.9,35.6,36.1,33.6,32.0,30.6,33.5,32.1,31.9,32.2,34.4,33.9,35.1,35.4,31.5,35.2,34.2,34.6,32.7,32.6,32.3,32.9,32.7,28.4,33.4
05/11/2020,38.0,34.2,36.5,38.8,35.2,36.4,33.8,32.5,31.2,34.3,32.4,32.5,32.5,34.8,34.9,35.1,35.0,32.0,36.0,34.1,35.1,33.5,33.5,32.6,33.7,33.9,29.6,34.0
06/11/2020,38.0,34.1,36.5,39.0,34.9,36.3,34.0,32.6,31.6,34.7,32.3,32.9,33.3,35.1,34.8,34.9,35.6,32.1,35.6,33.8,35.6,33.8,33.0,32.5,33.6,32.9,30.2,33.7
07/11/2020,41.4,38.4,41.1,43.3,38.8,40.6,37.7,38.0,35.5,37.6,37.3,36.9,36.9,38.0,38.2,39.6,39.4,37.8,39.3,38.4,40.1,39.0,38.6,38.2,37.2,37.5,34.4,38.2
08/11/2020,50.5,46.6,48.9,46.3,46.9,47.9,45.3,47.1,43.3,44.5,45.5,45.5,45.7,44.9,45.4,48.1,46.5,46.7,46.8,47.6,49.9,45.9,48.8,47.5,44.6,45.6,41.7,46.4
09/11/2020,40.7,37.7,41.1,38.6,36.7,40.4,38.6,36.2,34.5,37.6,35.1,37.5,36.3,38.4,38.5,37.7,37.9,36.5,39.0,38.5,39.8,38.0,36.1,37.7,37.0,36.0,32.6,37.0
10/11/2020,41.5,35.7,40.7,36.8,36.3,39.8,37.9,35.4,34.1,37.1,35.2,36.2,34.9,38.0,37.8,37.7,38.6,35.6,38.8,36.6,39.1,38.3,35.1,37.2,36.9,35.3,32.2,36.5
11/11/2020,41.6,35.5,40.4,35.5,36.1,40.2,37.0,35.3,33.7,37.1,34.4,35.3,35.0,38.0,37.6,36.8,37.7,37.2,38.2,36.2,40.2,37.9,34.7,36.7,36.7,35.1,32.1,36.2
12/11/2020,40.5,35.2,40.5,36.9,35.7,39.5,37.9,35.2,34.0,37.3,34.7,35.0,35.1,37.4,37.7,36.8,37.2,35.1,38.5,36.2,38.8,38.2,34.8,36.0,36.3,34.8,31.0,36.0
13/11/2020,42.5,35.2,40.6,36.2,35.3,38.8,37.2,35.3,33.3,36.5,34.1,35.3,35.2,36.9,37.1,36.5,36.9,35.1,37.7,35.7,39.9,38.4,34.6,35.6,35.8,34.5,30.9,35.6
14/11/2020,43.1,38.4,42.4,37.9,38.6,41.0,40.0,40.0,37.0,38.7,38.6,38.5,37.3,39.5,38.3,40.2,39.0,38.9,40.3,38.2,41.7,39.3,39.7,40.0,37.3,38.1,34.6,39.0
15/11/2020,41.9,36.6,42.7,45.0,38.3,41.5,47.3,41.5,39.1,39.1,38.5,40.5,40.2,39.5,38.5,36.7,39.7,42.2,39.4,37.3,42.0,38.7,39.1,42.9,38.5,38.8,35.3,39.4
16/11/2020,43.7,36.9,43.0,37.5,37.8,41.2,39.0,37.6,35.6,39.9,35.9,36.4,37.1,40.0,39.7,38.8,39.3,36.7,40.3,37.1,41.5,40.0,37.3,37.6,38.7,36.8,33.8,37.9
17/11/2020,42.7,36.3,41.6,37.6,36.6,40.5,38.3,36.3,34.3,38.3,35.2,36.3,35.7,39.1,38.7,37.7,38.9,36.4,39.0,37.3,40.3,39.6,35.1,37.0,37.5,36.2,33.6,37.0
18/11/2020,43.1,36.8,41.3,39.4,36.9,40.7,38.0,36.4,34.7,38.6,35.8,36.6,36.8,39.3,38.9,36.4,39.0,39.1,40.9,37.3,40.4,39.5,35.4,37.8,37.3,36.6,34.8,37.4
19/11/2020,42.7,36.2,41.1,38.8,37.2,40.3,40.3,36.1,35.0,39.0,35.5,35.8,34.8,39.5,38.4,37.3,39.1,36.8,39.3,37.2,40.5,39.5,35.4,37.6,37.4,36.5,34.1,37.3
20/11/2020,45.3,39.2,45.6,41.6,37.9,39.4,37.6,36.5,33.9,37.5,35.1,34.8,43.0,38.0,37.7,36.7,37.7,35.0,48.4,36.3,40.2,42.8,34.6,35.9,36.4,37.7,32.6,38.0
21/11/2020,46.0,40.1,45.7,40.3,40.9,41.8,40.3,40.1,37.4,39.9,39.0,40.0,39.3,41.0,40.1,40.8,41.0,40.2,42.0,41.3,43.4,43.9,40.4,41.4,39.1,38.9,37.0,40.2
22/11/2012,53.1,48.0,51.1,50.0,48.9,48.8,48.1,49.5,44.9,47.3,47.2,47.8,47.4,48.6,46.6,49.1,48.9,48.9,49.7,48.1,50.8,48.7,50.0,49.4,46.2,47.1,45.5,48.2
23/11/2012,42.7,37.0,42.3,40.5,37.3,40.7,40.0,39.0,35.5,39.5,35.9,37.2,37.2,39.7,39.7,38.7,39.1,36.9,40.0,38.0,41.3,39.6,36.3,37.8,38.2,36.4,33.2,37.7
24/11/2012,43.0,36.6,43.0,41.0,36.8,40.4,38.5,39.0,34.9,38.3,35.3,36.5,36.3,38.6,39.4,38.6,38.8,36.0,39.4,38.9,40.6,39.2,35.9,36.9,37.4,35.7,32.8,37.2
25/11/2012,42.9,36.2,41.9,39.0,36.7,39.8,38.5,36.6,34.7,38.0,35.2,36.1,36.1,38.7,38.7,37.4,38.2,36.2,38.7,37.6,40.0,39.5,35.4,36.5,37.1,35.0,32.5,36.6
26/11/2012,43.1,36.2,41.3,40.5,36.8,39.8,37.6,36.2,34.1,38.6,35.0,36.4,36.2,38.3,38.5,37.4,38.5,36.6,39.0,37.3,38.7,38.2,35.9,36.9,37.2,35.6,32.5,36.8
27/11/2012,41.8,34.1,40.4,37.8,35.3,38.5,35.9,34.2,32.9,36.6,33.5,35.8,34.5,37.6,37.1,36.0,36.5,35.8,37.9,36.2,38.4,38.0,34.8,36.5,35.4,34.0,31.9,35.4
28/11/2012,43.5,39.5,43.0,41.4,39.5,41.6,39.4,39.6,37.2,39.5,38.9,40.0,38.9,39.7,39.8,40.7,40.0,40.2,41.2,39.6,42.4,40.8,41.2,41.2,38.7,38.8,35.8,39.8
29/11/2012,47.3,42.9,46.3,49.5,49.1,45.6,47.3,45.7,43.2,43.5,45.5,48.6,45.0,43.9,44.1,45.7,44.7,49.9,44.8,48.6,46.1,43.6,46.3,49.3,43.5,44.2,44.0,45.7
30/11/2012,44.0,38.8,44.0,42.1,36.7,40.6,44.1,36.7,36.1,39.2,36.4,37.7,37.4,39.3,39.1,38.2,38.8,37.4,40.6,37.8,41.0,39.6,36.6,38.0,37.8,37.0,33.7,38.1
01/12/2020,42.5,36.0,40.8,39.8,36.7,40.2,38.1,35.7,34.5,38.3,35.8,36.7,36.9,38.4,38.4,37.7,38.7,36.7,39.6,37.4,39.9,38.7,35.5,37.0,36.7,35.8,32.5,36.9
02/12/2020,41.4,36.1,39.6,38.1,36.2,38.9,37.1,34.9,33.5,37.1,34.9,34.7,35.7,37.3,37.5,37.0,38.2,35.1,38.1,36.6,38.1,37.6,34.5,35.4,36.2,34.5,31.5,35.9
03/12/2020,41.0,35.6,39.2,37.9,35.6,38.0,36.3,34.1,32.6,36.7,33.3,34.6,34.9,36.4,36.3,36.3,37.3,35.7,37.1,36.5,37.5,37.4,34.2,34.4,35.4,33.8,31.1,35.1
04/12/2020,42.0,34.9,39.3,37.3,35.2,38.0,36.2,34.0,32.8,36.5,33.3,34.6,36.3,36.5,36.5,35.7,36.2,35.3,37.6,36.1,37.8,37.5,33.6,34.6,35.4,33.7,31.7,35.0
05/12/2020,45.5,38.6,42.5,41.2,38.9,41.3,40.3,38.7,36.6,39.5,38.5,40.9,38.5,39.7,39.5,39.6,40.5,42.7,41.4,39.1,41.6,41.5,40.0,42.8,38.3,38.4,35.4,39.6
06/12/2020,56.3,47.5,50.0,42.2,47.4,48.9,47.8,48.1,44.5,46.2,48.3,49.1,46.9,47.2,46.5,47.9,48.0,56.0,50.9,47.9,52.5,46.3,52.8,56.4,45.9,47.9,44.0,49.0
07/12/2020,41.9,36.6,45.3,41.5,37.0,40.5,38.9,36.8,35.3,38.8,36.8,37.1,37.1,39.2,39.3,38.1,38.1,37.2,42.5,38.2,40.1,42.0,37.1,39.2,37.4,37.1,33.8,38.1
08/12/2020,42.3,43.6,47.4,44.0,37.5,40.7,38.2,38.5,35.2,43.4,38.9,36.7,40.6,44.2,43.9,41.9,39.7,36.5,40.5,38.2,40.4,40.3,36.5,37.1,43.8,37.5,34.5,39.1
09/12/2020,42.5,35.7,40.4,39.4,36.1,39.1,36.9,35.6,33.5,37.0,35.1,35.8,34.8,37.7,37.3,37.7,38.1,35.6,38.8,37.4,38.6,38.3,34.6,35.5,36.6,34.3,33.9,36.0
10/12/2020,43.6,35.8,40.2,39.8,36.1,39.4,37.2,39.3,33.8,37.8,35.6,35.6,36.8,38.1,37.4,36.3,38.7,36.0,39.4,37.2,42.4,38.2,35.2,35.7,36.8,34.5,32.3,36.3
11/12/2020,40.9,34.9,39.8,38.4,35.4,38.5,37.3,34.5,33.2,36.7,33.6,35.3,35.6,37.2,36.9,35.8,37.5,34.9,37.9,36.2,39.5,37.8,35.4,34.8,35.8,34.1,30.9,35.4
12/12/2020,46.8,40.0,43.3,41.6,39.6,41.5,41.0,39.6,37.6,40.0,39.4,39.9,39.5,40.7,40.0,40.6,40.5,40.6,42.0,40.3,43.7,41.7,42.3,41.1,38.70,39.0,36.4,40.2
13/12/2020,52.0,48.2,49.8,48.7,48.2,48.0,46.4,47.7,44.0,46.2,47.5,47.8,46.6,47.1,46.2,49.1,46.9,51.4,50.0,48.4,50.4,48.0,52.7,48.5,46.0,47.4,43.9,48.3
14/12/2020,43.5,37.2,42.3,39.5,37.3,40.5,38.3,36.7,34.4,38.9,35.7,39.2,36.8,39.2,38.5,38.2,39.0,36.8,39.9,38.2,40.7,39.3,36.8,37.2,37.4,36.6,33.1,37.5
15/12/2020,42.7,36.4,42.4,40.3,36.9,40.3,38.2,36.2,34.6,38.3,35.5,36.5,36.4,39.0,38.5,37.5,38.8,36.4,39.6,37.6,40.2,39.6,35.7,38.4,36.6,35.8,32.7,37.0
16/12/2020,42.6,35.8,39.9,39.8,35.9,38.9,36.9,35.2,33.3,37.6,34.5,35.4,34.8,37.5,37.4,36.8,37.8,34.9,38.3,36.7,39.5,38.2,34.9,35.1,36.0,34.4,32.7,35.8
17/12/2020,41.7,36.5,40.0,39.5,36.5,39.0,36.9,35.6,33.6,37.7,35.0,35.7,34.8,37.5,37.7,37.0,38.4,35.6,38.1,37.2,40.3,38.9,34.9,36.5,36.6,34.7,32.3,36.1
18/12/2020,42.3,35.5,39.6,37.0,35.1,38.2,35.9,34.3,32.8,36.8,33.9,34.6,34.3,36.9,36.3,35.8,36.6,34.4,37.4,35.6,38.8,37.8,34.1,35.5,35.5,33.9,31.2,35.1
19/12/2020,44.5,38.9,42.5,40.5,39.0,41.0,39.2,38.8,36.7,39.3,38.3,39.6,38.2,40.3,39.9,39.6,40.5,39.5,41.0,39.5,42.6,40.9,40.9,40.2,38.2,37.7,35.4,39.1
20/12/2020,50.7,46.3,48.0,42.5,47.5,47.5,47.6,47.1,43.9,45.3,46.3,47.7,46.1,46.0,45.8,47.3,47.2,49.1,47.7,46.8,50.3,45.8,49.5,48.6,45.2,45.6,43.4,46.9
21/12/2020,43.2,36.4,41.1,39.4,36.2,39.4,38.6,35.9,35.2,37.6,35.2,37.9,36.4,38.5,37.7,36.6,38.6,36.5,39.0,36.9,40.4,37.9,35.1,36.5,36.6,36.0,33.4,36.7
22/12/2020,47.8,35.6,40.4,38.4,35.7,39.3,37.3,35.5,33.9,37.3,34.7,35.7,36.9,37.5,37.1,39.0,37.7,35.9,39.2,36.6,40.5,38.7,34.7,35.7,36.2,35.3,32.9,36.4
23/12/2020,41.5,35.8,40.2,38.0,35.6,38.5,36.6,35.2,33.6,36.9,34.3,35.8,35.6,36.9,36.7,36.5,37.2,35.6,38.1,36.1,38.6,37.6,34.1,35.6,35.0,34.5,32.5,35.7
24/12/2020,42.0,36.4,40.6,38.0,37.0,38.5,36.7,36.0,33.3,36.4,36.0,36.9,36.4,37.4,36.6,37.5,36.5,37.5,41.7,35.8,39.9,36.1,36.7,38.2,35.2,37.6,33.5,37.4
25/12/2020,50.6,49.1,51.7,46.7,50.8,50.8,48.2,50.8,45.0,46.1,48.8,49.0,46.7,46.6,48.4,52.1,45.5,49.1,54.4,49.4,51.6,45.3,49.0,48.7,47.6,48.6,44.5,49.5
26/12/2020,50.9,44.0,51.5,49.0,44.3,46.0,46.9,44.9,43.5,45.6,46.1,47.0,46.9,46.4,43.4,45.1,44.7,46.9,47.4,43.5,53.6,47.3,47.1,48.1,41.6,48.7,43.1,46.7
27/12/2020,54.5,51.1,56.2,51.4,49.6,50.7,51.2,50.6,47.9,48.4,51.2,51.0,51.2,49.6,48.3,51.5,49.9,52.8,55.3,50.2,56.5,51.0,54.0,55.0,48.9,53.9,46.0,52.3
28/12/2020,46.2,38.8,45.0,42.6,38.2,41.4,40.0,38.3,36.6,40.2,38.1,39.7,39.1,40.2,39.0,38.9,40.4,40.4,41.5,38.7,41.7,40.1,38.5,41.2,38.0,39.7,35.8,39.6
29/12/2020,42.9,38.4,44.4,41.5,37.7,41.0,39.2,37.5,36.4,39.7,37.2,39.3,39.4,40.2,38.9,38.2,40.0,40.2,40.5,38.0,41.2,40.0,37.6,40.4,37.5,38.6,35.1,38.8
30/12/2020,42.6,34.0,43.1,39.5,33.9,39.9,37.9,35.7,35.2,38.4,35.9,38.4,38.2,39.0,37.9,33.6,39.1,38.4,38.8,34.7,40.9,40.6,33.9,39.0,35.2,35.40,34.6,36.3
31/12/2020,41.5,35.1,43.3,39.4,35.7,39.4,38.2,36.5,35.8,38.9,37.1,38.3,37.1,39.6,37.2,36.6,38.7,41.0,40.9,34.6,40.9,38.5,37.3,41.8,35.4,39.0,34.2,38.2
01/01/2021,50.1,46.9,53.6,47.1,49.7,49.5,49.0,49.5,45.8,46.7,50.0,48.8,47.3,48.0,45.5,49.2,46.4,50.6,53.1,47.5,51.1,47.3,50.4,50.8,45.8,49.3,42.4,49.5
02/01/2021,50.2,46.9,54.5,49.6,46.7,49.2,47.3,47.0,44.9,46.1,47.6,48.6,48.1,49.0,46.1,48.3,47.0,50.0,52.4,45.5,51.0,49.6,48.3,48.0,44.3,50.9,43.4,49.0
03/01/2021,55.1,51.3,60.1,54.6,50.6,51.3,51.9,53.5,46.6,49.7,51.9,51.9,51.0,51.9,48.9,51.8,49.4,53.3,54.2,50.7,56.3,51.6,53.6,51.7,47.8,52.6,47.3,52.3
04/01/2021,44.5,38.1,47.6,41.6,36.9,41.8,40.5,39.1,36.4,40.5,37.5,40.0,38.9,41.4,40.3,37.8,39.8,39.1,41.2,37.4,52.7,41.4,36.3,39.4,38.1,37.7,34.1,38.7
05/01/2021,44.5,38.2,47.5,41.6,38.2,42.3,39.8,38.1,36.1,40.4,37.5,39.2,39.1,40.9,40.3,38.6,41.1,39.2,41.0,39.2,46.7,41.8,37.4,39.4,38.7,37.7,33.4,38.9
06/01/2021,46.7,37.8,47.3,41.5,37.7,40.7,38.8,37.2,35.3,39.6,37.1,37.4,38.2,40.4,39.4,38.4,39.5,38.1,40.5,45.7,42.2,41.2,36.7,38.9,38.0,37.4,35.1,38.5
07/01/2021,45.7,38.0,48.2,42.6,38.1,41.0,39.1,37.6,35.8,40.0,37.1,38.9,37.5,40.6,39.2,38.4,39.6,38.3,40.7,38.7,42.6,41.4,36.6,38.6,38.3,37.3,35.1,38.4
08/01/2021,43.2,37.1,46.8,42.3,37.4,40.0,37.9,36.5,34.3,38.4,35.3,36.8,37.5,40.0,38.0,37.6,39.4,37.3,39.6,37.6,41.4,40.9,35.7,36.6,36.5,36.1,33.1,37.3
09/01/2021,46.6,41.4,51.2,43.4,41.4,43.7,41.4,40.8,38.7,41.1,40.9,40.9,41.3,42.2,41.2,42.1,41.2,41.5,43.4,41.3,46.2,44.9,42.1,41.7,39.7,41.2,37.5,41.8
10/01/2021,53.4,50.1,61.1,52.0,50.0,50.4,48.7,50.0,45.3,46.8,49.3,49.4,50.1,48.8,47.6,50.7,48.9,51.5,50.2,49.4,53.7,51.5,52.0,49.8,46.9,49.8,46.2,50.1
11/01/2021,43.5,37.7,47.6,41.7,38.5,40.6,38.8,37.4,35.0,39.5,36.4,37.5,38.3,40.2,39.2,39.0,39.7,37.3,40.4,38.1,41.5,40.8,36.9,37.9,37.6,37.1,34.0,38.2
12/01/2021,43.6,37.9,48.1,42.5,39.3,41.1,38.9,37.4,35.0,39.7,36.7,37.0,38.0,40.8,39.1,38.8,39.6,37.2,40.1,39.2,41.4,39.7,36.1,37.5,38.1,36.8,33.1,38.2
13/01/2021,43.6,38.3,49.6,40.8,38.2,40.6,38.5,37.3,34.8,40.0,36.4,38.7,38.2,41.1,38.9,38.9,40.3,37.2,39.8,39.1,43.9,41.0,35.9,37.6,39.1,36.8,34.9,38.1
14/01/2021,45.6,35.9,50.7,42.1,36.0,41.2,38.2,36.5,36.2,40.1,36.1,37.1,37.7,40.1,38.9,36.0,40.4,37.0,39.4,36.8,41.5,40.5,34.3,37.6,37.4,35.7,35.0,37.1
15/01/2021,44.1,36.6,50.8,41.5,38.6,40.0,37.8,36.3,34.4,39.2,35.6,37.3,37.4,39.8,38.0,37.7,39.2,36.0,39.2,36.9,41.0,41.2,34.8,36.4,37.6,36.0,34.7,37.3
16/01/2021,46.5,41.6,54.8,46.1,41.8,43.7,43.4,42.2,40.1,42.7,41.8,44.1,42.0,44.2,41.3,42.6,43.0,43.6,43.4,41.5,47.6,45.4,44.5,43.0,40.3,41.1,39.2,42.6
17/01/2021,54.5,49.9,60.0,53.0,50.1,50.2,48.9,49.0,45.9,48.6,48.8,51.6,52.0,49.6,47.5,50.5,49.2,53.6,49.3,49.2,57.6,51.3,52.8,51.7,47.1,49.2,46.5,50.1
18/01/2021,46.3,36.3,54.4,44.1,36.6,41.1,39.2,37.3,35.5,40.9,36.4,39.0,37.8,42.2,39.6,37.3,39.8,38.7,40.6,37.0,45.6,42.0,35.0,38.9,38.1,36.2,33.5,37.9
19/01/2021,44.0,37.8,50.6,44.2,38.1,42.4,38.8,37.4,35.2,40.3,36.8,38.8,39.8,41.7,39.8,38.5,39.1,39.1,40.2,38.6,47.9,42.3,35.8,39.3,38.0,36.9,34.8,38.5
20/01/2021,45.2,37.5,53.5,44.4,37.9,41.9,38.3,36.7,34.6,40.7,36.4,37.7,37.5,42.4,39.5,38.5,39.2,37.8,43.8,38.4,44.9,46.6,35.6,39.6,38.2,36.8,34.3,38.6
21/01/2021,44.8,37.9,49.9,42.9,37.8,40.4,38.0,37.0,34.4,39.7,35.9,37.0,37.4,41.5,38.5,38.6,38.7,36.8,39.4,38.8,47.3,40.2,35.8,39.3,37.5,35.9,33.3,40.2
22/01/2021,48.1,36.7,49.3,41.4,37.2,40.3,37.6,36.6,34.5,39.8,35.5,36.8,37.2,40.5,38.9,37.7,38.3,36.3,39.3,38.0,43.9,40.1,35.5,38.6,37.1,35.6,32.8,37.3
23/01/2021,50.2,42.0,52.0,44.3,41.6,43.6,41.3,42.3,38.4,42.6,41.2,42.0,41.7,43.8,41.6,42.9,41.7,41.6,43.3,41.7,48.5,46.1,42.2,44.0,40.6,40.8,38.3,42.1
24/01/2021,57.9,50.0,59.3,52.7,50.6,50.4,48.6,49.9,45.9,48.7,48.5,49.8,49.0,51.1,47.7,51.0,49.2,53.2,50.1,50.1,56.6,50.9,52.0,55.2,48.1,49.0,45.4,50.3
25/01/2021,44.4,37.8,55.5,42.6,38.0,41.6,39.7,37.3,35.6,40.3,36.8,38.1,38.3,41.7,39.5,38.9,39.2,37.8,40.6,38.3,44.5,41.7,36.6,38.8,38.1,39.3,34.1,39.1
26/01/2021,43.9,37.7,55.7,42.5,37.8,40.8,38.8,36.9,35.0,39.8,36.2,37.4,38.1,41.2,39.1,38.5,39.5,36.6,40.0,38.3,44.3,41.3,36.3,37.5,37.4,36.5,34.9,38.0
27/01/2021,46.9,36.7,54.6,42.9,37.5,40.3,37.8,36.7,34.4,39.7,35.8,38.6,37.0,40.2,38.6,38.4,38.3,36.5,39.7,38.0,46.8,41.8,36.4,37.0,37.9,35.7,33.4,37.6
28/01/2021,44.9,37.0,55.7,40.8,37.1,40.2,37.5,36.6,34.5,39.4,36.1,36.9,37.0,41.2,38.2,37.6,38.5,37.0,39.6,37.8,44.5,42.1,35.9,36.5,37.5,36.0,33.1,37.6
29/01/2021,43.7,38.7,53.0,41.7,36.6,40.0,37.6,35.7,34.2,38.8,35.3,36.1,36.0,39.5,37.8,37.1,37.9,36.3,38.9,37.0,43.6,41.2,34.9,36.4,37.5,35.3,32.9,37.0
30/01/2021,46.9,41.4,55.9,46.4,41.1,44.5,41.5,41.2,39.0,41.7,41.2,42.7,41.0,43.8,40.8,42.2,42.2,42.6,43.5,41.3,48.4,47.6,42.1,42.6,44.1,42.5,38.3,42.5
31/01/2021,54.2,50.1,60.0,51.8,50.4,50.2,48.2,49.7,46.5,48.0,48.9,50.8,49.0,50.9,47.1,50.8,48.2,51.6,49.9,49.5,55.8,53.9,52.3,50.0,47.7,50.5,45.1,50.3
01/02/2021,42.9,37.4,50.7,42.6,39.3,41.5,40.0,38.3,36.1,40.4,37.3,37.6,37.9,42.1,39.5,39.0,39.0,37.8,41.2,38.7,42.8,42.7,37.9,38.2,37.8,37.9,35.5,38.9
02/02/2021,44.9,37.0,51.8,45.2,39.1,40.9,38.3,37.4,35.0,39.5,36.4,37.0,37.5,41.2,39.4,38.6,38.8,37.4,40.3,38.00,45.2,43.0,46.3,37.2,38.3,36.9,34.2,38.7
03/02/2021,45.3,38.0,51.0,41.9,39.2,41.1,38.7,36.9,35.3,40.3,36.7,37.6,37.4,41.7,39.4,39.3,39.5,37.0,40.3,39.0,43.1,43.1,37.0,36.8,38.2,36.8,34.9,38.3
04/02/2021,46.1,37.5,50.0,46.3,38.0,40.6,37.7,36.2,34.7,39.6,35.6,37.8,36.9,41.6,38.4,38.5,38.6,36.4,39.1,38.3,43.1,43.4,36.4,36.7,37.8,36.0,33.9,37.6
05/02/2021,47.4,37.0,48.9,41.3,37.1,40.0,36.6,35.2,33.6,39.1,35.8,34.6,35.3,40.0,37.5,37.6,37.9,34.7,39.4,37.1,43.4,42.1,34.1,34.4,36.3,35.3,33.5,36.7
06/02/2021,48.3,41.8,53.0,44.4,41.3,43.8,44.1,41.3,40.9,42.2,41.7,40.0,40.8,43.8,40.4,42.3,42.0,39.8,44.5,41.0,45.9,44.3,40.7,40.2,39.7,40.0,39.3,41.7
07/02/2021,56.1,49.8,59.3,52.9,50.0,51.1,50.3,55.9,47.3,48.2,52.9,48.3,48.9,51.3,47.5,50.4,49.0,49.1,50.9,49.5,54.8,53.1,49.9,48.6,47.4,48.3,48.1,50.1
08/02/2021,44.8,37.1,48.1,42.2,37.8,40.1,37.7,40.8,34.0,38.9,35.4,35.7,36.2,40.8,37.5,38.0,38.6,34.7,39.6,37.9,41.9,41.9,34.8,34.7,37.3,35.3,32.3,37.0
09/02/2021,44.6,36.5,47.0,40.4,37.0,40.0,36.7,38.9,33.3,39.7,34.9,34.3,36.3,41.7,37.4,37.4,38.7,34.3,37.9,37.5,41.6,42.4,33.8,34.5,36.6,34.3,32.5,36.3
10/02/2021,47.7,37.1,46.9,41.9,36.8,39.7,37.0,35.3,32.9,38.9,34.0,34.2,35.1,41.2,37.8,37.2,36.8,34.4,36.9,37.0,41.3,41.2,33.7,34.2,36.6,34.3,33.3,35.9
11/02/2021,45.6,36.8,47.5,42.5,36.8,39.8,36.4,35.0,33.4,38.8,34.1,35.4,34.9,40.5,37.6,37.1,38.6,35.1,37.5,37.1,40.9,41.7,33.7,34.3,36.6,35.0,32.1,36.2
12/02/2021,45.0,35.8,46.5,40.9,36.1,39.7,38.1,34.1,34.3,38.8,34.0,33.6,35.0,39.8,37.0,36.5,37.1,34.1,36.6,36.5,41.5,40.8,33.4,34.5,35.6,33.7,32.5,35.6
13/02/2021,49.5,40.2,51.4,43.8,39.3,43.6,40.7,38.9,37.6,41.1,39.1,39.2,38.7,43.4,41.2,40.6,40.9,39.4,41.6,39.2,44.6,45.1,39.6,39.6,38.7,40.4,37.4,40.5
14/02/2021,56.9,47.9,61.1,54.4,48.0,52.0,48.6,49.0,45.7,48.3,48.2,48.4,47.7,50.8,47.0,49.9,47.7,49.7,48.6,47.6,54.3,52.1,49.9,49.1,46.4,47.0,44.2,48.7
15/02/2021,47.8,45.3,49.0,44.1,39.3,43.1,44.7,44.7,39.7,42.3,39.1,39.2,38.0,45.3,42.3,43.1,40.1,39.0,45.5,48.7,43.6,45.5,42.0,37.5,43.6,37.1,35.8,40.8
16/02/2021,51.3,48.0,48.9,44.5,40.3,45.2,49.8,47.5,42.7,45.1,40.6,46.3,39.4,49.6,44.0,42.6,42.7,41.9,50.2,46.8,46.8,49.3,46.1,38.6,46.3,37.7,38.1,42.7
17/02/2021,48.2,42.4,48.2,43.0,38.6,41.9,41.4,40.0,34.9,44.6,36.6,37.0,36.6,43.9,39.8,39.7,40.2,35.9,42.9,41.3,44.3,45.2,35.1,35.5,39.7,35.6,35.4,38.5
18/02/2021,45.3,37.6,46.7,41.8,38.0,41.0,37.4,35.9,33.6,44.2,35.3,34.7,35.9,41.9,38.7,37.7,38.4,34.3,38.6,37.6,41.3,41.2,34.4,34.8,37.1,34.6,33.5,36.6
19/02/2021,39.6,33.5,42.5,37.5,33.5,36.8,33.4,33.1,29.1,35.6,30.2,29.6,31.1,36.8,34.0,33.2,33.4,29.2,33.6,33.5,39.1,37.3,28.8,29.0,33.3,29.4,29.2,31.8
20/02/2021,44.1,37.4,47.6,40.2,36.8,41.7,36.7,36.7,33.7,37.8,35.0,34.6,34.9,39.8,35.9,36.9,36.1,33.8,36.4,37.3,40.4,40.0,35.3,34.5,36.5,32.9,33.2,35.7
21/02/2021,50.6,45.5,51.0,47.8,45.8,48.3,44.7,45.7,42.6,44.6,44.0,42.5,43.0,47.0,43.7,45.2,43.7,42.8,44.4,46.1,48.6,47.6,45.6,43.3,43.2,41.7,43.0,44.1
22/02/2021,40.7,33.9,41.4,39.6,34.2,38.0,33.9,31.9,29.6,39.0,30.7,30.9,30.9,38.1,34.7,33.6,33.9,30.0,34.5,34.2,36.9,37.9,30.5,29.9,34.9,30.4,29.2,32.5
23/02/2021,39.6,33.2,41.0,36.9,34.1,38.0,33.4,31.7,29.5,34.9,30.3,30.5,31.3,35.7,35.0,33.4,34.2,29.6,33.0,34.4,36.4,37.4,31.1,30.3,33.8,29.7,28.7,32.0
24/02/2021,42.4,33.3,41.1,36.4,34.0,38.0,32.2,30.8,29.0,34.8,30.3,30.5,30.8,35.6,35.7,33.2,34.5,30.4,32.7,34.4,36.7,37.9,30.0,30.1,34.0,30.0,28.6,32.0
25/02/2021,40.0,33.0,41.5,34.6,33.8,37.7,32.6,31.0,29.2,34.5,29.8,30.4,30.2,34.8,35.1,33.1,34.0,29.7,32.3,34.3,36.3,36.2,30.1,30.9,33.1,29.9,28.8,31.8
26/02/2021,37.1,31.6,39.4,35.4,32.1,36.9,32.3,29.2,29.7,33.8,29.6,28.5,29.3,34.3,40.0,33.7,33.0,28.4,31.7,34.2,35.0,35.8,28.8,29.0,31.4,29.1,28.5,31.1
27/02/2021,42.7,36.5,41.7,38.9,46.2,40.8,39.1,35.5,34.2,44.4,35.5,34.7,35.0,37.3,39.2,38.1,40.9,39.1,36.2,37.9,41.7,38.8,39.4,44.8,35.5,34.0,33.2,37.5
28/02/2021,50.8,44.7,53.8,46.2,53.7,48.2,48.6,45.5,43.3,35.3,44.0,41.9,43.2,44.8,47.3,46.9,48.3,53.0,43.3,48.1,49.2,46.5,50.3,55.3,43.3,42.9,41.4,46.5
01/03/2021,38.7,34.8,40.2,36.7,40.5,39.2,37.0,31.9,32.6,35.3,30.8,30.9,31.3,36.0,36.8,39.1,34.2,35.1,33.6,35.9,38.6,36.0,34.4,33.2,35.0,30.5,30.1,34.2
02/03/2021,38.1,33.7,40.3,35.3,39.4,37.9,36.2,30.8,32.4,35.2,30.4,30.1,31.2,35.3,34.8,33.2,34.4,34.7,32.8,35.1,36.9,36.1,34.3,30.5,33.3,29.9,29.3,33.0
03/03/2021,38.0,33.2,40.1,34.2,37.7,37.8,35.3,30.1,31.7,34.2,30.0,30.2,31.6,35.8,34.9,32.6,33.1,34.1,32.2,35.0,36.7,35.4,33.8,31.2,33.3,29.7,29.9,32.6
04/03/2021,38.4,32.9,39.2,35.2,37.2,36.9,36.1,30.3,32.1,35.0,30.1,30.6,30.7,34.8,35.0,33.1,33.9,34.5,32.1,35.3,38.1,36.4,35.9,30.8,33.0,30.2,29.1,32.8
05/03/2021,38.4,32.3,38.3,34.9,35.8,40.5,34.1,28.7,31.0,35.2,29.1,29.9,31.1,34.7,33.7,31.4,32.8,33.9,31.4,34.1,36.9,34.3,32.7,29.5,32.0,28.9,27.5,31.7
06/03/2021,44.3,37.3,41.2,38.2,41.4,44.3,37.9,34.2,35.7,39.9,35.2,33.5,36.1,38.6,36.9,43.3,40.5,38.4,36.1,37.5,42.6,45.0,41.2,41.4,38.1,37.4,35.8,38.5
07/03/2021,52.7,46.1,49.3,47.4,50.3,54.7,45.3,46.9,45.7,45.2,45.7,42.7,45.5,45.8,45.1,50.2,48.2,50.5,47.0,55.4,53.1,53.6,51.8,49.7,46.1,46.9,47.0,48.2
08/03/2021,44.3,33.8,41.0,34.3,36.6,41.7,37.5,33.5,33.4,36.4,32.6,29.9,31.0,35.9,35.6,33.2,34,33.7,33.8,35.0,37.8,35.5,33.8,30.2,34.2,32.4,32.2,34.0
09/03/2021,40.6,34.0,40.5,36.8,37.1,42.2,35.5,33.3,33.2,37.9,33.0,30.6,31.4,37.1,35.5,33.7,34.9,34.7,33.2,35.5,37.4,36.1,34.6,32.9,34.1,32.2,33.0,34.2
10/03/2021,38.3,33.4,39.5,36.0,36.1,41.0,35.5,30.9,32.5,36.6,32.1,29.6,30.8,35.7,35.1,32.9,34.5,30.6,32.2,34.6,36.7,36.0,32.9,29.4,33.2,31.1,33.2,32.9
11/03/2021,38.4,34.0,39.7,35.3,36.4,41.9,35.0,31.5,32.8,37.5,32.0,29.5,30.9,36.8,35.6,33.4,34.4,31.3,32.6,35.1,37.1,36.6,33.8,29.7,34.3,32.0,32.5,33.4
12/03/2021,37.5,33.1,38.6,35.5,35.3,41.3,35.8,29.9,32.6,36.4,31.6,29.5,31.2,36.5,35.3,33.0,34.5,30.7,31.9,34.7,36.3,37.7,32.5,29.4,33.3,30.8,32.4,32.7
13/03/2021,56.8,39.3,43.1,42.4,41.5,46.0,39.7,35.4,38.1,39.4,37.2,35.4,35.7,39.2,42.7,43.1,42.8,38.9,36.2,38.8,44.0,42.6,41.0,41.9,39.9,36.8,36.5,39.1
14/03/2021,64.5,47.8,49.5,48.8,49.7,53.5,48.7,44.9,46.7,46.5,46.0,42.5,46.1,47.1,48.6,50.9,49.2,50.7,36.2,51.5,52.4,48.2,50.4,50.2,46.4,46.1,46.3,47.8
15/03/2021,38.0,34.3,39.6,36.3,36.6,42.8,37.6,31.3,32.9,39.8,33.2,31.0,32.6,36.8,35.9,35.0,35.9,34.3,43.8,35.1,38.0,36.3,34.4,30.3,35.0,34.3,32.5,34.8
16/03/2021,39.7,34.4,39.3,37.2,36.5,43.0,36.4,31.2,33.0,36.6,32.7,31.1,32.4,42.8,36.1,33.5,34.8,33.5,33.8,35.4,37.6,37.1,33.9,30.3,35.2,33.5,33.7,34.4
17/03/2021,39.6,33.8,37.8,35.1,35.7,43.5,36.2,30.4,33.3,36.6,33.5,31.3,32.1,43.4,35.4,32.3,34.4,33.5,34.2,35.1,38.2,36.0,34.1,30.4,43.7,35.1,33.0,34.7
18/03/2021,38.7,34.8,40.5,42.0,36.4,41.8,36.3,34.6,33.4,37.0,33.9,29.6,32.7,43.1,38.3,41.0,44.9,33.5,32.1,35.9,37.1,35.9,33.7,30.7,35.2,36.3,31.7,35.9
19/03/2021,40.1,34.8,38.5,46.1,37.3,49.2,36.6,34.4,35.4,38.9,34.2,31.4,32.5,43.4,37.1,40.0,41.3,35.3,33.3,35.6,37.4,36.6,33.2,31.1,35.7,35.9,37.9,36.2
20/03/2021,55.5,43.4,40.3,58.2,41.9,45.4,39.1,39.4,38.3,39.3,39.2,36.0,36.9,44.6,42.6,44.4,43.4,40.6,36.9,43.1,44.3,39.3,41.0,37.7,40.8,40.3,37.2,40.6
21/03/2021,64.2,53.1,46.3,56.5,53.1,51.1,47.8,53.2,46.0,47.3,50.7,40.8,45.3,52.5,46.7,55.2,47.7,50.8,46.0,55.7,56.6,43.5,59.9,49.2,49.4,51.4,40.6,52.6
22/03/2021,44.2,37.1,39.0,47.3,38.7,43.4,36.5,37.4,34.9,41.0,38.4,38.1,29.3,44.3,38.5,41.7,40.4,38.2,36.4,40.0,33,37.3,36.2,33.1,35.7,37.1,31.6,38.3
23/03/2021,,,,,,,,,,,,,,,,,,,,,,,,,,,,
24/03/2021,,,,,,,,,,,,,,,,,,,,,,,,,,,,
25/03/2021,,,,,,,,,,,,,,,,,,,,,,,,,,,,
26/03/2021,,,,,,,,,,,,,,,,,,,,,,,,,,,,
